Actual Genre,Predicted Genre
short,short
action,horror
adventure,adult
horror,drama
horror,comedy
horror,short
documentary,documentary
fantasy,horror
romance,drama
drama,horror
documentary,documentary
short,documentary
documentary,documentary
thriller,thriller
short,short
comedy,drama
animation,comedy
comedy,comedy
comedy,comedy
drama,short
documentary,talk-show
mystery,thriller
comedy,comedy
drama,documentary
drama,comedy
comedy,drama
horror,horror
drama,drama
adventure,adult
thriller,thriller
comedy,drama
drama,drama
documentary,documentary
documentary,documentary
thriller,short
drama,comedy
documentary,drama
drama,drama
short,drama
drama,thriller
drama,drama
comedy,comedy
short,drama
drama,comedy
family,drama
documentary,documentary
horror,drama
documentary,documentary
drama,drama
drama,short
short,short
drama,drama
drama,drama
documentary,documentary
drama,drama
documentary,documentary
comedy,comedy
drama,documentary
short,drama
short,documentary
documentary,documentary
comedy,drama
comedy,comedy
reality-tv,reality-tv
comedy,comedy
documentary,documentary
short,documentary
drama,drama
family,drama
comedy,comedy
short,documentary
mystery,sci-fi
short,short
drama,drama
comedy,comedy
horror,horror
music,comedy
short,short
drama,comedy
western,western
romance,drama
comedy,comedy
documentary,drama
horror,horror
horror,horror
comedy,short
drama,comedy
drama,short
short,short
documentary,documentary
western,drama
short,short
music,comedy
comedy,comedy
comedy,drama
drama,drama
family,sci-fi
short,documentary
drama,drama
drama,short
crime,documentary
comedy,comedy
drama,comedy
documentary,documentary
drama,drama
comedy,comedy
thriller,horror
documentary,documentary
action,action
documentary,short
documentary,documentary
comedy,comedy
documentary,documentary
comedy,comedy
documentary,documentary
comedy,comedy
drama,comedy
comedy,documentary
drama,documentary
drama,drama
documentary,short
documentary,short
sci-fi,sci-fi
comedy,sci-fi
documentary,documentary
action,drama
drama,thriller
documentary,documentary
documentary,documentary
documentary,documentary
drama,drama
documentary,documentary
horror,horror
horror,short
documentary,documentary
short,thriller
documentary,documentary
comedy,comedy
drama,comedy
thriller,documentary
drama,drama
comedy,drama
documentary,documentary
short,horror
short,short
short,drama
comedy,comedy
short,drama
short,documentary
action,drama
documentary,documentary
documentary,documentary
drama,drama
documentary,documentary
documentary,documentary
documentary,drama
documentary,documentary
drama,drama
short,short
drama,short
music,music
comedy,comedy
short,drama
short,documentary
comedy,drama
documentary,documentary
short,short
horror,horror
action,drama
drama,horror
crime,drama
horror,horror
documentary,documentary
drama,animation
comedy,drama
short,drama
comedy,comedy
drama,action
drama,thriller
comedy,comedy
documentary,documentary
documentary,documentary
drama,drama
sport,sport
drama,drama
horror,horror
drama,drama
documentary,documentary
drama,drama
drama,drama
drama,drama
drama,comedy
documentary,documentary
documentary,comedy
documentary,documentary
documentary,documentary
documentary,drama
action,action
drama,drama
comedy,comedy
comedy,comedy
thriller,horror
comedy,comedy
short,documentary
documentary,sport
drama,documentary
biography,drama
comedy,short
short,comedy
documentary,documentary
short,comedy
documentary,documentary
documentary,documentary
action,action
drama,short
documentary,documentary
short,short
family,comedy
drama,drama
drama,drama
horror,horror
documentary,documentary
drama,drama
comedy,comedy
sport,comedy
reality-tv,short
documentary,documentary
action,action
war,war
short,short
documentary,documentary
sport,documentary
biography,short
drama,drama
drama,drama
comedy,comedy
documentary,music
drama,documentary
drama,drama
comedy,drama
short,drama
short,short
drama,drama
short,horror
adventure,drama
documentary,documentary
documentary,documentary
sport,sport
drama,drama
reality-tv,comedy
documentary,documentary
reality-tv,documentary
documentary,drama
thriller,comedy
drama,drama
horror,horror
horror,comedy
documentary,documentary
drama,drama
drama,drama
horror,drama
drama,drama
horror,short
documentary,documentary
talk-show,talk-show
drama,comedy
documentary,documentary
comedy,comedy
adventure,action
documentary,comedy
drama,drama
comedy,comedy
comedy,drama
sci-fi,drama
drama,comedy
drama,drama
documentary,documentary
talk-show,reality-tv
documentary,documentary
family,family
documentary,documentary
comedy,drama
drama,documentary
comedy,drama
comedy,short
adventure,short
drama,short
short,drama
documentary,documentary
thriller,horror
comedy,comedy
thriller,drama
fantasy,short
drama,drama
drama,drama
documentary,documentary
reality-tv,comedy
drama,drama
comedy,comedy
documentary,drama
crime,thriller
horror,comedy
documentary,drama
reality-tv,documentary
short,crime
comedy,comedy
documentary,documentary
documentary,action
drama,short
documentary,documentary
adventure,adult
documentary,documentary
documentary,documentary
action,sport
comedy,drama
comedy,western
comedy,documentary
action,documentary
short,short
comedy,action
short,drama
short,animation
comedy,drama
adult,music
music,music
horror,horror
documentary,documentary
documentary,documentary
documentary,documentary
drama,drama
comedy,comedy
documentary,short
short,documentary
documentary,documentary
documentary,documentary
documentary,documentary
action,horror
thriller,drama
drama,drama
documentary,documentary
sport,documentary
documentary,short
family,short
drama,comedy
comedy,drama
comedy,comedy
documentary,documentary
thriller,horror
reality-tv,comedy
history,documentary
comedy,comedy
short,documentary
drama,drama
mystery,thriller
comedy,comedy
comedy,comedy
comedy,comedy
documentary,drama
comedy,drama
drama,drama
comedy,drama
short,short
comedy,comedy
thriller,thriller
comedy,comedy
documentary,drama
family,short
game-show,game-show
documentary,documentary
animation,comedy
drama,drama
documentary,documentary
comedy,comedy
horror,comedy
animation,fantasy
short,drama
comedy,comedy
comedy,comedy
documentary,drama
adult,drama
horror,horror
short,drama
documentary,documentary
short,short
drama,drama
music,documentary
comedy,comedy
documentary,documentary
comedy,drama
documentary,comedy
western,western
documentary,documentary
drama,documentary
comedy,comedy
drama,short
short,short
drama,drama
comedy,drama
sci-fi,crime
drama,drama
drama,drama
documentary,documentary
documentary,documentary
short,short
drama,drama
family,comedy
short,short
drama,drama
musical,documentary
drama,drama
documentary,documentary
family,reality-tv
documentary,documentary
comedy,comedy
comedy,comedy
documentary,drama
reality-tv,documentary
drama,drama
documentary,documentary
musical,western
action,drama
action,drama
comedy,drama
documentary,documentary
comedy,comedy
thriller,thriller
comedy,comedy
documentary,documentary
documentary,documentary
sci-fi,documentary
comedy,comedy
documentary,documentary
music,music
documentary,documentary
documentary,documentary
short,documentary
comedy,comedy
documentary,drama
drama,drama
short,short
adult,adult
short,short
comedy,comedy
comedy,comedy
comedy,comedy
short,drama
adventure,horror
drama,documentary
comedy,comedy
documentary,documentary
documentary,documentary
documentary,documentary
drama,drama
comedy,drama
reality-tv,documentary
horror,horror
comedy,comedy
western,western
documentary,documentary
drama,drama
drama,drama
documentary,documentary
family,drama
comedy,comedy
documentary,documentary
thriller,drama
drama,documentary
fantasy,horror
short,documentary
reality-tv,reality-tv
action,comedy
drama,drama
drama,comedy
adventure,documentary
documentary,documentary
thriller,thriller
drama,drama
drama,action
documentary,documentary
talk-show,talk-show
short,thriller
drama,drama
news,drama
documentary,documentary
documentary,documentary
western,western
talk-show,talk-show
documentary,drama
drama,drama
sci-fi,sci-fi
sport,comedy
documentary,documentary
short,comedy
thriller,drama
drama,drama
biography,documentary
fantasy,thriller
comedy,drama
documentary,documentary
documentary,documentary
comedy,comedy
horror,drama
short,drama
sci-fi,drama
documentary,documentary
documentary,documentary
drama,music
short,comedy
comedy,drama
talk-show,documentary
documentary,documentary
biography,horror
drama,action
documentary,documentary
drama,drama
short,drama
drama,drama
documentary,documentary
drama,documentary
comedy,comedy
drama,comedy
drama,documentary
documentary,documentary
documentary,documentary
western,western
adventure,adult
reality-tv,documentary
action,action
comedy,drama
documentary,documentary
documentary,drama
drama,drama
drama,drama
comedy,comedy
drama,action
thriller,comedy
documentary,documentary
comedy,comedy
romance,drama
documentary,comedy
documentary,documentary
drama,drama
thriller,documentary
documentary,documentary
comedy,comedy
fantasy,short
sci-fi,short
drama,short
comedy,drama
documentary,documentary
documentary,documentary
western,drama
documentary,documentary
drama,drama
game-show,game-show
drama,drama
documentary,documentary
reality-tv,reality-tv
drama,drama
drama,drama
music,music
family,comedy
comedy,documentary
drama,drama
documentary,action
drama,drama
thriller,horror
documentary,drama
documentary,documentary
talk-show,documentary
drama,drama
comedy,drama
drama,drama
drama,drama
family,family
comedy,drama
documentary,documentary
adventure,sci-fi
horror,comedy
documentary,documentary
short,documentary
drama,drama
drama,drama
short,comedy
documentary,documentary
documentary,documentary
thriller,drama
horror,short
drama,drama
drama,drama
thriller,drama
comedy,comedy
romance,comedy
comedy,comedy
drama,short
reality-tv,short
drama,drama
comedy,comedy
documentary,documentary
comedy,comedy
comedy,comedy
comedy,comedy
drama,drama
documentary,documentary
comedy,horror
documentary,documentary
documentary,documentary
animation,short
short,adventure
comedy,comedy
comedy,comedy
western,western
documentary,documentary
adventure,drama
reality-tv,drama
thriller,short
thriller,comedy
drama,drama
thriller,drama
documentary,documentary
sci-fi,comedy
sci-fi,sci-fi
drama,documentary
documentary,documentary
comedy,drama
drama,documentary
drama,drama
action,action
documentary,documentary
documentary,documentary
crime,documentary
comedy,drama
drama,drama
comedy,comedy
drama,drama
action,action
documentary,documentary
comedy,drama
comedy,comedy
documentary,music
drama,drama
comedy,comedy
action,horror
documentary,documentary
documentary,western
documentary,documentary
romance,drama
documentary,documentary
horror,thriller
drama,drama
drama,drama
comedy,drama
documentary,documentary
documentary,drama
drama,drama
talk-show,documentary
short,short
drama,drama
horror,horror
action,action
horror,horror
documentary,documentary
history,documentary
adventure,adventure
documentary,drama
drama,drama
romance,drama
horror,horror
talk-show,documentary
horror,horror
comedy,drama
comedy,comedy
drama,drama
short,documentary
mystery,thriller
documentary,documentary
documentary,drama
documentary,documentary
drama,drama
documentary,documentary
drama,comedy
documentary,documentary
sport,documentary
documentary,documentary
documentary,documentary
short,documentary
documentary,documentary
action,action
documentary,documentary
documentary,documentary
drama,drama
documentary,documentary
documentary,documentary
drama,comedy
crime,drama
documentary,documentary
comedy,drama
short,short
drama,comedy
drama,drama
short,short
war,drama
family,family
documentary,documentary
documentary,documentary
action,drama
documentary,comedy
thriller,comedy
short,short
thriller,thriller
documentary,documentary
comedy,drama
drama,drama
short,documentary
adult,drama
drama,thriller
drama,short
drama,drama
documentary,documentary
comedy,documentary
music,music
drama,drama
documentary,documentary
documentary,documentary
drama,drama
short,documentary
drama,drama
comedy,comedy
history,documentary
history,documentary
short,comedy
comedy,drama
short,drama
comedy,drama
drama,comedy
drama,drama
drama,drama
documentary,drama
comedy,documentary
comedy,comedy
talk-show,documentary
documentary,documentary
adult,adventure
documentary,documentary
drama,drama
short,short
horror,horror
drama,drama
sport,documentary
comedy,comedy
horror,horror
drama,drama
short,reality-tv
adventure,adult
documentary,documentary
horror,horror
comedy,comedy
comedy,comedy
drama,drama
adventure,drama
drama,comedy
horror,horror
action,action
western,western
mystery,thriller
comedy,comedy
drama,documentary
comedy,family
drama,comedy
short,comedy
reality-tv,documentary
comedy,comedy
drama,comedy
documentary,documentary
comedy,drama
comedy,comedy
short,drama
documentary,documentary
documentary,drama
drama,drama
comedy,comedy
comedy,drama
family,reality-tv
horror,horror
drama,drama
drama,thriller
short,action
short,short
comedy,drama
drama,comedy
drama,drama
documentary,documentary
documentary,short
action,horror
drama,drama
documentary,romance
documentary,documentary
comedy,comedy
short,documentary
drama,drama
documentary,documentary
horror,horror
comedy,comedy
thriller,drama
drama,drama
crime,thriller
drama,drama
drama,short
comedy,comedy
documentary,documentary
drama,drama
short,short
drama,drama
documentary,documentary
drama,drama
adventure,drama
drama,drama
documentary,comedy
adventure,drama
horror,documentary
western,western
short,documentary
documentary,documentary
history,documentary
documentary,drama
documentary,documentary
comedy,comedy
drama,drama
short,short
documentary,comedy
short,drama
drama,drama
family,short
comedy,comedy
drama,comedy
comedy,comedy
drama,drama
drama,drama
drama,drama
drama,drama
drama,drama
romance,drama
drama,drama
family,drama
documentary,drama
horror,thriller
drama,drama
adventure,documentary
drama,documentary
horror,horror
documentary,documentary
drama,drama
documentary,documentary
documentary,documentary
adventure,drama
documentary,drama
documentary,documentary
drama,comedy
comedy,comedy
animation,sci-fi
documentary,documentary
documentary,music
comedy,comedy
comedy,comedy
horror,drama
family,drama
action,comedy
documentary,documentary
horror,documentary
biography,documentary
horror,horror
documentary,documentary
horror,western
documentary,crime
short,short
documentary,documentary
documentary,documentary
family,drama
history,documentary
documentary,documentary
drama,documentary
drama,drama
horror,horror
game-show,game-show
family,drama
talk-show,documentary
drama,comedy
documentary,documentary
short,short
comedy,family
biography,documentary
romance,drama
comedy,drama
comedy,comedy
documentary,documentary
drama,drama
comedy,comedy
documentary,documentary
comedy,drama
drama,drama
documentary,documentary
drama,drama
crime,thriller
short,short
mystery,documentary
documentary,documentary
drama,comedy
documentary,documentary
drama,drama
documentary,documentary
drama,drama
drama,drama
drama,drama
drama,drama
short,documentary
horror,horror
drama,drama
drama,drama
comedy,comedy
documentary,documentary
drama,drama
documentary,documentary
documentary,short
documentary,documentary
short,drama
documentary,short
comedy,comedy
comedy,comedy
comedy,comedy
reality-tv,reality-tv
short,short
comedy,drama
documentary,documentary
comedy,drama
horror,horror
documentary,documentary
comedy,drama
thriller,documentary
action,action
thriller,thriller
short,comedy
drama,drama
musical,comedy
crime,thriller
drama,documentary
drama,drama
drama,comedy
action,adventure
action,action
documentary,documentary
comedy,comedy
drama,comedy
documentary,thriller
comedy,comedy
documentary,documentary
documentary,documentary
comedy,comedy
horror,horror
musical,music
documentary,short
documentary,documentary
drama,drama
documentary,documentary
documentary,documentary
romance,documentary
documentary,drama
documentary,documentary
horror,drama
animation,documentary
adventure,documentary
horror,horror
documentary,documentary
reality-tv,documentary
short,short
short,documentary
drama,drama
comedy,drama
short,drama
horror,horror
talk-show,documentary
drama,comedy
sci-fi,sci-fi
comedy,comedy
drama,drama
action,thriller
drama,drama
history,history
documentary,drama
reality-tv,documentary
music,musical
comedy,comedy
horror,thriller
comedy,drama
comedy,comedy
drama,short
action,action
drama,drama
adult,adult
documentary,documentary
thriller,comedy
documentary,documentary
comedy,comedy
animation,short
short,drama
drama,drama
thriller,drama
documentary,documentary
adventure,adventure
romance,drama
comedy,comedy
documentary,documentary
documentary,documentary
documentary,documentary
short,short
horror,horror
talk-show,talk-show
short,drama
comedy,comedy
horror,drama
comedy,comedy
documentary,sport
action,short
documentary,documentary
biography,documentary
drama,short
documentary,short
drama,drama
comedy,drama
documentary,documentary
family,family
drama,drama
short,short
documentary,drama
comedy,comedy
horror,short
animation,animation
comedy,comedy
drama,drama
romance,drama
family,music
family,horror
comedy,comedy
documentary,documentary
documentary,documentary
musical,drama
documentary,documentary
documentary,music
short,short
drama,drama
comedy,drama
horror,horror
music,documentary
history,documentary
documentary,documentary
drama,drama
short,short
comedy,comedy
drama,drama
comedy,comedy
drama,drama
thriller,drama
romance,drama
adventure,drama
documentary,documentary
horror,horror
drama,documentary
short,drama
adventure,adventure
adventure,comedy
documentary,documentary
documentary,documentary
drama,drama
mystery,horror
drama,documentary
short,short
drama,drama
documentary,documentary
comedy,comedy
drama,adventure
documentary,documentary
documentary,documentary
drama,drama
documentary,documentary
comedy,drama
drama,drama
documentary,documentary
documentary,documentary
drama,drama
documentary,documentary
drama,drama
drama,drama
drama,documentary
documentary,short
documentary,drama
documentary,short
drama,drama
comedy,comedy
documentary,documentary
family,short
comedy,adventure
drama,short
drama,documentary
horror,horror
short,documentary
adult,drama
news,talk-show
short,short
comedy,comedy
family,drama
family,family
drama,drama
music,documentary
comedy,comedy
comedy,comedy
crime,drama
comedy,comedy
documentary,short
drama,documentary
comedy,drama
documentary,documentary
drama,drama
documentary,documentary
western,western
documentary,short
comedy,short
horror,horror
drama,comedy
western,western
documentary,documentary
documentary,documentary
comedy,comedy
talk-show,talk-show
drama,drama
horror,horror
documentary,documentary
documentary,documentary
short,drama
sport,sport
documentary,documentary
drama,drama
documentary,documentary
documentary,documentary
short,documentary
comedy,documentary
drama,drama
drama,drama
comedy,comedy
reality-tv,drama
short,documentary
drama,action
western,western
drama,drama
documentary,documentary
family,western
drama,drama
drama,drama
sci-fi,adventure
comedy,comedy
documentary,documentary
comedy,comedy
documentary,documentary
drama,drama
documentary,documentary
short,drama
drama,drama
drama,drama
documentary,drama
documentary,documentary
horror,horror
drama,drama
short,comedy
reality-tv,comedy
news,short
documentary,documentary
adult,comedy
drama,thriller
horror,comedy
documentary,documentary
comedy,comedy
short,drama
documentary,documentary
thriller,action
romance,drama
documentary,documentary
drama,drama
documentary,documentary
history,documentary
documentary,drama
documentary,drama
thriller,thriller
drama,drama
documentary,documentary
short,short
documentary,drama
short,drama
romance,comedy
western,western
documentary,documentary
documentary,documentary
documentary,documentary
animation,action
documentary,documentary
music,music
horror,documentary
western,drama
drama,drama
comedy,drama
comedy,comedy
action,western
drama,documentary
documentary,documentary
drama,action
western,action
documentary,documentary
drama,drama
drama,drama
talk-show,documentary
comedy,drama
biography,documentary
drama,drama
history,documentary
documentary,documentary
drama,drama
drama,drama
talk-show,comedy
adventure,drama
documentary,documentary
drama,drama
drama,drama
adventure,thriller
family,comedy
documentary,documentary
drama,drama
comedy,documentary
documentary,comedy
horror,horror
comedy,comedy
documentary,documentary
drama,documentary
comedy,music
horror,horror
documentary,documentary
documentary,drama
fantasy,drama
comedy,comedy
horror,comedy
drama,drama
drama,drama
comedy,drama
family,drama
documentary,documentary
short,documentary
drama,drama
short,drama
documentary,documentary
short,short
reality-tv,documentary
drama,drama
documentary,documentary
documentary,documentary
drama,horror
short,short
documentary,documentary
drama,romance
action,documentary
short,documentary
game-show,game-show
drama,drama
sci-fi,music
music,music
animation,animation
documentary,documentary
documentary,documentary
game-show,game-show
drama,drama
drama,drama
comedy,comedy
short,short
comedy,comedy
documentary,documentary
western,western
family,drama
documentary,documentary
comedy,short
fantasy,drama
comedy,comedy
drama,comedy
action,drama
drama,western
crime,comedy
drama,drama
drama,drama
short,short
western,western
horror,horror
war,action
comedy,horror
comedy,comedy
short,short
documentary,documentary
thriller,comedy
documentary,documentary
short,drama
documentary,sci-fi
action,comedy
drama,comedy
crime,documentary
western,western
comedy,comedy
comedy,musical
short,short
family,drama
news,documentary
drama,drama
documentary,documentary
horror,horror
short,comedy
drama,drama
reality-tv,reality-tv
comedy,drama
short,short
drama,drama
fantasy,drama
comedy,comedy
drama,drama
comedy,documentary
documentary,documentary
documentary,documentary
documentary,documentary
short,short
romance,drama
documentary,documentary
short,short
animation,comedy
talk-show,talk-show
drama,drama
comedy,drama
fantasy,drama
adult,adult
short,documentary
horror,horror
documentary,documentary
sport,documentary
documentary,documentary
documentary,reality-tv
drama,drama
drama,comedy
horror,documentary
documentary,short
adult,adult
thriller,drama
documentary,documentary
drama,drama
comedy,comedy
adventure,western
short,drama
comedy,comedy
short,short
short,short
talk-show,short
western,western
drama,drama
comedy,drama
thriller,thriller
drama,drama
comedy,drama
documentary,documentary
horror,horror
drama,documentary
comedy,comedy
drama,drama
short,drama
short,documentary
war,war
comedy,comedy
drama,thriller
drama,drama
documentary,short
documentary,comedy
documentary,documentary
action,horror
comedy,comedy
comedy,drama
war,drama
drama,drama
drama,drama
drama,short
documentary,documentary
thriller,thriller
documentary,documentary
thriller,comedy
documentary,documentary
animation,comedy
drama,drama
reality-tv,comedy
music,short
adult,adventure
documentary,documentary
documentary,documentary
reality-tv,documentary
sci-fi,drama
reality-tv,reality-tv
drama,drama
drama,drama
comedy,talk-show
documentary,documentary
sci-fi,drama
drama,thriller
comedy,comedy
family,action
mystery,thriller
thriller,drama
documentary,documentary
drama,drama
short,comedy
documentary,documentary
short,drama
adult,comedy
reality-tv,documentary
documentary,documentary
mystery,mystery
documentary,documentary
documentary,documentary
documentary,documentary
comedy,drama
drama,drama
drama,documentary
drama,drama
comedy,comedy
comedy,drama
western,western
documentary,documentary
comedy,comedy
short,documentary
history,documentary
drama,drama
drama,drama
short,documentary
comedy,comedy
comedy,comedy
documentary,documentary
drama,drama
documentary,short
documentary,documentary
drama,comedy
drama,drama
drama,drama
documentary,documentary
thriller,drama
drama,drama
comedy,comedy
comedy,drama
documentary,music
adventure,adventure
fantasy,action
short,short
drama,drama
documentary,documentary
documentary,documentary
drama,drama
documentary,documentary
horror,horror
documentary,documentary
documentary,documentary
drama,drama
comedy,comedy
talk-show,documentary
documentary,drama
western,western
game-show,action
short,documentary
animation,animation
documentary,documentary
comedy,comedy
drama,comedy
short,drama
documentary,documentary
documentary,documentary
documentary,documentary
adult,adventure
drama,drama
short,short
drama,drama
reality-tv,sport
western,documentary
horror,horror
horror,horror
documentary,documentary
talk-show,documentary
adult,adult
drama,drama
drama,comedy
musical,comedy
drama,drama
documentary,drama
short,drama
short,short
comedy,documentary
romance,comedy
documentary,documentary
biography,short
documentary,documentary
history,documentary
short,drama
thriller,drama
musical,comedy
drama,documentary
drama,drama
documentary,documentary
drama,drama
family,family
drama,drama
documentary,documentary
documentary,documentary
drama,drama
short,comedy
musical,drama
documentary,documentary
documentary,documentary
drama,documentary
animation,family
drama,drama
drama,drama
horror,horror
biography,documentary
mystery,thriller
drama,drama
comedy,horror
short,documentary
western,western
documentary,documentary
documentary,documentary
animation,drama
comedy,short
documentary,drama
reality-tv,comedy
drama,documentary
fantasy,horror
horror,drama
short,comedy
short,reality-tv
family,documentary
fantasy,short
short,short
drama,drama
comedy,comedy
drama,documentary
comedy,comedy
crime,action
comedy,comedy
drama,drama
documentary,documentary
drama,drama
crime,crime
thriller,thriller
documentary,documentary
comedy,comedy
drama,drama
documentary,documentary
adventure,documentary
comedy,comedy
comedy,comedy
documentary,documentary
comedy,drama
comedy,comedy
drama,drama
short,short
comedy,comedy
drama,drama
drama,drama
documentary,documentary
documentary,drama
drama,romance
short,short
adult,adult
documentary,documentary
reality-tv,horror
short,drama
horror,horror
drama,documentary
drama,drama
drama,documentary
drama,comedy
drama,comedy
crime,documentary
family,drama
horror,short
drama,drama
drama,drama
short,short
adult,drama
romance,drama
family,comedy
short,short
short,action
documentary,documentary
war,drama
western,western
drama,drama
fantasy,action
reality-tv,documentary
documentary,documentary
drama,short
drama,documentary
drama,short
documentary,drama
talk-show,documentary
musical,documentary
documentary,documentary
short,short
drama,drama
thriller,thriller
comedy,comedy
documentary,documentary
comedy,comedy
drama,drama
mystery,drama
drama,drama
drama,drama
drama,drama
action,horror
action,action
comedy,comedy
short,drama
comedy,drama
documentary,documentary
comedy,short
horror,horror
romance,drama
mystery,drama
short,documentary
drama,drama
drama,drama
comedy,western
documentary,drama
documentary,documentary
drama,drama
documentary,documentary
horror,drama
thriller,drama
drama,drama
comedy,drama
documentary,documentary
horror,drama
short,comedy
drama,documentary
short,drama
short,short
drama,drama
drama,drama
adult,adult
short,short
history,history
short,documentary
music,documentary
sport,documentary
thriller,thriller
short,drama
drama,drama
drama,documentary
drama,documentary
short,drama
reality-tv,drama
documentary,documentary
family,comedy
drama,drama
drama,drama
drama,drama
horror,horror
music,music
short,drama
short,drama
drama,drama
documentary,documentary
action,horror
comedy,music
drama,drama
drama,drama
documentary,documentary
crime,drama
animation,horror
documentary,documentary
documentary,short
documentary,documentary
comedy,short
short,comedy
documentary,documentary
fantasy,drama
comedy,comedy
fantasy,short
drama,action
short,short
short,comedy
documentary,drama
documentary,documentary
western,western
short,drama
drama,drama
comedy,drama
comedy,comedy
drama,drama
comedy,comedy
documentary,documentary
comedy,sci-fi
comedy,documentary
documentary,drama
drama,drama
comedy,comedy
comedy,short
thriller,comedy
documentary,documentary
documentary,documentary
drama,short
reality-tv,reality-tv
short,documentary
drama,drama
sport,sport
adventure,horror
drama,comedy
thriller,thriller
comedy,drama
family,documentary
documentary,comedy
drama,drama
documentary,documentary
comedy,comedy
short,documentary
drama,drama
drama,documentary
sci-fi,action
romance,drama
music,music
comedy,documentary
western,western
short,documentary
drama,drama
thriller,drama
documentary,documentary
drama,drama
sport,sport
comedy,comedy
short,drama
history,documentary
adventure,drama
comedy,drama
documentary,documentary
documentary,documentary
thriller,drama
drama,documentary
drama,comedy
drama,drama
short,short
thriller,drama
comedy,comedy
documentary,documentary
comedy,drama
action,documentary
comedy,drama
comedy,drama
talk-show,documentary
documentary,documentary
comedy,comedy
comedy,drama
adventure,sci-fi
comedy,sci-fi
short,short
comedy,comedy
talk-show,short
drama,drama
documentary,documentary
short,drama
drama,drama
comedy,comedy
documentary,documentary
documentary,documentary
thriller,horror
horror,horror
drama,documentary
drama,horror
western,western
drama,drama
drama,action
short,documentary
adventure,adventure
sci-fi,comedy
drama,drama
comedy,drama
comedy,drama
drama,drama
short,documentary
documentary,documentary
animation,short
drama,comedy
drama,drama
documentary,documentary
short,short
romance,short
western,western
comedy,comedy
documentary,documentary
family,documentary
drama,documentary
drama,drama
crime,horror
horror,horror
drama,drama
documentary,documentary
comedy,drama
documentary,documentary
comedy,comedy
drama,drama
drama,documentary
comedy,comedy
western,western
sci-fi,drama
short,comedy
documentary,documentary
drama,drama
drama,drama
comedy,comedy
drama,drama
drama,drama
drama,adult
documentary,short
short,documentary
documentary,documentary
comedy,comedy
documentary,documentary
short,documentary
comedy,comedy
reality-tv,documentary
short,short
comedy,comedy
adult,drama
comedy,comedy
short,short
documentary,documentary
crime,drama
reality-tv,comedy
drama,drama
drama,drama
sci-fi,sci-fi
adult,comedy
documentary,documentary
documentary,drama
thriller,drama
reality-tv,comedy
documentary,documentary
western,horror
drama,drama
drama,action
thriller,drama
documentary,documentary
horror,drama
documentary,documentary
documentary,documentary
history,drama
sci-fi,action
documentary,documentary
drama,documentary
drama,drama
drama,comedy
drama,drama
drama,drama
drama,drama
animation,comedy
western,western
documentary,documentary
crime,comedy
drama,drama
drama,drama
crime,documentary
drama,documentary
documentary,reality-tv
western,western
documentary,documentary
drama,documentary
sport,sport
sport,documentary
action,action
thriller,horror
horror,horror
romance,short
drama,drama
short,documentary
short,short
drama,drama
comedy,comedy
drama,drama
western,western
horror,horror
drama,comedy
action,action
short,comedy
drama,drama
comedy,drama
sport,documentary
drama,documentary
documentary,drama
romance,drama
comedy,short
drama,drama
thriller,drama
documentary,documentary
drama,documentary
documentary,documentary
action,sport
drama,drama
drama,comedy
comedy,drama
sci-fi,drama
thriller,horror
documentary,documentary
documentary,documentary
action,drama
comedy,short
documentary,short
documentary,documentary
documentary,documentary
documentary,comedy
comedy,comedy
short,drama
musical,music
music,music
short,short
drama,drama
action,comedy
history,drama
drama,drama
drama,drama
comedy,music
short,comedy
documentary,documentary
documentary,documentary
documentary,documentary
thriller,drama
documentary,documentary
western,western
thriller,drama
drama,comedy
documentary,reality-tv
comedy,comedy
drama,drama
drama,drama
thriller,mystery
action,comedy
comedy,comedy
short,documentary
reality-tv,drama
drama,drama
comedy,drama
comedy,short
music,music
action,action
short,documentary
documentary,documentary
documentary,documentary
drama,drama
short,short
drama,drama
horror,drama
documentary,documentary
short,short
comedy,comedy
short,drama
documentary,documentary
documentary,horror
sport,sport
news,documentary
drama,documentary
history,documentary
short,documentary
western,western
drama,drama
drama,drama
drama,comedy
drama,drama
thriller,drama
documentary,documentary
comedy,comedy
drama,documentary
family,documentary
horror,horror
documentary,documentary
drama,drama
documentary,documentary
documentary,drama
comedy,comedy
horror,documentary
music,music
crime,drama
sci-fi,drama
documentary,documentary
documentary,short
short,comedy
short,short
comedy,drama
documentary,documentary
comedy,drama
comedy,comedy
drama,drama
drama,drama
documentary,drama
western,western
short,horror
drama,comedy
short,drama
drama,comedy
drama,drama
western,western
documentary,documentary
horror,horror
comedy,comedy
comedy,drama
documentary,drama
documentary,documentary
documentary,documentary
comedy,comedy
sport,sport
reality-tv,drama
comedy,comedy
drama,drama
action,drama
horror,horror
music,music
comedy,comedy
sci-fi,sci-fi
drama,drama
history,drama
drama,drama
short,short
thriller,comedy
history,documentary
documentary,documentary
drama,drama
short,drama
drama,comedy
sci-fi,sci-fi
short,documentary
short,documentary
drama,drama
drama,short
comedy,comedy
documentary,documentary
documentary,documentary
short,documentary
horror,short
drama,drama
documentary,horror
reality-tv,documentary
documentary,documentary
drama,drama
comedy,comedy
western,western
comedy,comedy
horror,horror
short,short
comedy,comedy
short,short
documentary,drama
adventure,documentary
documentary,short
comedy,comedy
adventure,adventure
short,drama
documentary,documentary
documentary,documentary
adventure,documentary
comedy,comedy
documentary,documentary
music,music
musical,music
drama,comedy
comedy,short
short,drama
documentary,documentary
adult,horror
drama,drama
comedy,comedy
drama,comedy
news,drama
documentary,documentary
short,short
music,music
western,drama
drama,horror
thriller,thriller
short,drama
sport,sport
comedy,comedy
western,drama
drama,drama
adventure,action
documentary,drama
documentary,documentary
adventure,adventure
short,documentary
comedy,comedy
short,documentary
short,comedy
comedy,drama
documentary,documentary
drama,drama
action,sci-fi
war,documentary
comedy,drama
comedy,short
comedy,documentary
drama,comedy
comedy,comedy
documentary,documentary
comedy,comedy
short,comedy
drama,drama
comedy,comedy
documentary,documentary
drama,documentary
documentary,documentary
documentary,documentary
drama,drama
drama,drama
drama,thriller
drama,drama
documentary,documentary
drama,drama
documentary,documentary
comedy,documentary
drama,drama
documentary,documentary
documentary,documentary
drama,documentary
short,drama
western,comedy
talk-show,drama
documentary,documentary
western,western
drama,drama
drama,comedy
talk-show,comedy
drama,drama
short,short
short,documentary
romance,romance
documentary,drama
western,western
drama,comedy
short,documentary
short,short
drama,drama
short,documentary
documentary,documentary
sport,documentary
comedy,drama
drama,documentary
action,drama
horror,thriller
drama,drama
drama,drama
drama,short
horror,short
documentary,documentary
drama,drama
comedy,drama
documentary,drama
drama,documentary
fantasy,drama
documentary,documentary
music,music
horror,horror
horror,horror
documentary,documentary
short,documentary
thriller,comedy
short,short
music,comedy
reality-tv,reality-tv
short,comedy
drama,drama
documentary,documentary
short,short
drama,drama
sci-fi,drama
documentary,documentary
biography,documentary
short,comedy
comedy,comedy
documentary,documentary
drama,short
horror,horror
documentary,documentary
documentary,documentary
horror,horror
documentary,documentary
drama,documentary
drama,drama
comedy,comedy
action,action
documentary,documentary
drama,drama
short,comedy
documentary,documentary
documentary,documentary
thriller,drama
short,drama
drama,drama
documentary,documentary
adventure,drama
documentary,documentary
crime,action
comedy,comedy
drama,horror
documentary,documentary
drama,romance
short,documentary
short,short
thriller,short
western,western
documentary,documentary
short,documentary
documentary,documentary
fantasy,drama
drama,drama
short,comedy
documentary,documentary
thriller,family
adult,adult
drama,drama
documentary,documentary
thriller,thriller
romance,drama
drama,documentary
drama,drama
documentary,documentary
short,short
drama,documentary
drama,drama
reality-tv,short
war,drama
drama,drama
horror,horror
documentary,documentary
documentary,comedy
drama,drama
documentary,documentary
short,comedy
comedy,drama
documentary,documentary
drama,comedy
documentary,documentary
music,music
drama,drama
comedy,comedy
short,drama
documentary,documentary
drama,drama
fantasy,drama
short,documentary
news,documentary
western,western
documentary,short
reality-tv,reality-tv
documentary,documentary
short,documentary
documentary,drama
drama,drama
reality-tv,drama
drama,drama
comedy,comedy
thriller,sci-fi
documentary,documentary
western,western
fantasy,short
documentary,documentary
drama,drama
news,documentary
drama,short
short,short
comedy,comedy
short,short
drama,drama
drama,documentary
biography,comedy
drama,documentary
reality-tv,reality-tv
documentary,documentary
thriller,drama
documentary,documentary
comedy,comedy
drama,comedy
short,short
animation,animation
drama,drama
animation,short
documentary,drama
thriller,horror
documentary,documentary
sci-fi,drama
comedy,horror
drama,documentary
thriller,crime
adventure,drama
action,sport
adult,drama
reality-tv,short
comedy,drama
documentary,comedy
sport,documentary
drama,animation
documentary,documentary
action,drama
crime,documentary
drama,drama
horror,horror
drama,drama
comedy,comedy
history,drama
sci-fi,sci-fi
drama,drama
drama,drama
drama,drama
drama,drama
drama,drama
talk-show,documentary
drama,drama
romance,comedy
documentary,documentary
drama,drama
documentary,documentary
documentary,documentary
drama,comedy
documentary,documentary
documentary,documentary
documentary,comedy
horror,horror
comedy,drama
comedy,comedy
short,short
comedy,drama
drama,drama
animation,adventure
drama,drama
drama,drama
comedy,comedy
drama,drama
short,short
drama,drama
sci-fi,thriller
drama,drama
drama,comedy
action,comedy
comedy,comedy
short,drama
documentary,documentary
comedy,documentary
drama,drama
short,drama
comedy,comedy
thriller,thriller
drama,drama
documentary,documentary
drama,drama
sci-fi,comedy
documentary,documentary
biography,drama
documentary,documentary
short,comedy
drama,drama
documentary,documentary
drama,drama
drama,drama
documentary,documentary
drama,action
romance,drama
action,drama
drama,drama
documentary,documentary
documentary,documentary
drama,drama
documentary,documentary
documentary,documentary
drama,short
short,short
comedy,reality-tv
short,short
drama,drama
short,documentary
short,documentary
comedy,drama
thriller,documentary
drama,comedy
comedy,documentary
documentary,documentary
documentary,documentary
drama,drama
short,short
short,drama
drama,documentary
adult,adult
drama,documentary
documentary,documentary
biography,documentary
documentary,documentary
short,drama
drama,drama
mystery,action
documentary,comedy
comedy,documentary
horror,horror
comedy,drama
adventure,fantasy
comedy,thriller
drama,drama
documentary,documentary
drama,drama
horror,comedy
documentary,crime
documentary,documentary
thriller,drama
drama,comedy
short,short
documentary,documentary
short,drama
documentary,documentary
thriller,action
drama,drama
sport,reality-tv
game-show,game-show
short,comedy
documentary,documentary
thriller,drama
documentary,documentary
drama,sci-fi
sci-fi,documentary
drama,drama
war,drama
documentary,drama
documentary,documentary
action,sport
adult,horror
drama,drama
drama,documentary
drama,horror
romance,drama
short,short
drama,comedy
drama,drama
drama,drama
short,comedy
western,western
comedy,drama
documentary,documentary
drama,drama
comedy,documentary
documentary,documentary
documentary,documentary
drama,comedy
short,sci-fi
thriller,drama
documentary,documentary
western,western
comedy,comedy
documentary,documentary
action,sci-fi
thriller,comedy
drama,drama
western,western
drama,drama
drama,drama
drama,drama
drama,horror
talk-show,documentary
documentary,documentary
comedy,drama
comedy,romance
drama,family
adventure,adventure
short,documentary
documentary,documentary
documentary,documentary
adult,comedy
western,drama
action,drama
horror,short
thriller,drama
documentary,documentary
thriller,drama
drama,drama
comedy,drama
music,music
thriller,action
drama,drama
short,short
western,comedy
documentary,documentary
documentary,documentary
documentary,documentary
documentary,documentary
comedy,comedy
short,short
documentary,documentary
comedy,adult
reality-tv,drama
comedy,comedy
sci-fi,documentary
drama,drama
documentary,drama
drama,drama
comedy,documentary
documentary,documentary
drama,short
thriller,drama
drama,drama
thriller,drama
drama,thriller
comedy,sci-fi
drama,drama
documentary,documentary
adventure,action
comedy,drama
adult,adult
drama,drama
drama,comedy
drama,drama
drama,drama
adult,adult
short,short
documentary,documentary
family,family
drama,drama
documentary,documentary
comedy,comedy
documentary,documentary
documentary,documentary
comedy,comedy
short,short
drama,documentary
comedy,documentary
reality-tv,comedy
horror,horror
action,drama
documentary,documentary
documentary,documentary
western,western
drama,thriller
sci-fi,action
short,short
documentary,documentary
drama,drama
drama,drama
documentary,short
short,documentary
drama,short
drama,documentary
drama,drama
drama,drama
drama,drama
drama,drama
drama,comedy
horror,drama
horror,short
documentary,documentary
short,comedy
music,documentary
sci-fi,comedy
drama,drama
horror,thriller
drama,drama
documentary,documentary
drama,documentary
documentary,drama
documentary,documentary
comedy,drama
drama,drama
music,drama
news,documentary
short,comedy
comedy,comedy
short,short
comedy,drama
thriller,drama
documentary,documentary
western,western
western,western
documentary,documentary
music,music
comedy,comedy
documentary,documentary
comedy,comedy
comedy,comedy
documentary,documentary
crime,comedy
biography,documentary
sport,sport
short,drama
drama,drama
short,drama
drama,drama
drama,drama
drama,drama
drama,drama
drama,comedy
romance,drama
documentary,documentary
short,drama
romance,drama
comedy,short
comedy,drama
documentary,drama
short,short
drama,drama
drama,drama
comedy,drama
drama,drama
adventure,documentary
drama,drama
drama,drama
sci-fi,documentary
comedy,comedy
sport,documentary
comedy,drama
comedy,comedy
documentary,documentary
thriller,thriller
drama,drama
documentary,documentary
action,horror
sport,sport
documentary,documentary
drama,drama
short,short
sci-fi,drama
sci-fi,documentary
documentary,documentary
action,drama
drama,documentary
music,music
horror,horror
drama,thriller
western,western
short,short
drama,drama
drama,comedy
documentary,documentary
documentary,documentary
short,comedy
short,short
documentary,documentary
western,western
sport,documentary
comedy,comedy
drama,drama
comedy,comedy
documentary,documentary
short,documentary
documentary,documentary
drama,drama
comedy,comedy
reality-tv,reality-tv
documentary,documentary
drama,drama
talk-show,documentary
documentary,documentary
short,short
short,drama
reality-tv,documentary
sport,sport
comedy,drama
drama,drama
drama,drama
drama,documentary
drama,drama
talk-show,action
drama,drama
documentary,documentary
documentary,documentary
drama,music
drama,drama
documentary,drama
horror,comedy
adult,adult
comedy,comedy
drama,drama
documentary,documentary
drama,drama
documentary,documentary
horror,drama
game-show,documentary
drama,romance
short,short
drama,comedy
drama,drama
documentary,documentary
horror,horror
documentary,documentary
drama,drama
drama,drama
romance,comedy
short,drama
romance,drama
short,short
drama,drama
drama,drama
music,music
drama,short
comedy,drama
drama,drama
documentary,documentary
comedy,drama
documentary,documentary
comedy,drama
drama,action
romance,comedy
short,drama
drama,drama
romance,drama
documentary,documentary
drama,drama
comedy,comedy
drama,short
documentary,documentary
drama,drama
short,documentary
short,horror
drama,drama
short,drama
comedy,comedy
drama,comedy
drama,thriller
drama,short
comedy,comedy
short,documentary
comedy,comedy
drama,drama
documentary,documentary
documentary,documentary
documentary,documentary
drama,drama
documentary,documentary
short,documentary
talk-show,reality-tv
short,documentary
music,documentary
drama,documentary
documentary,documentary
documentary,documentary
drama,documentary
drama,drama
horror,horror
drama,documentary
drama,drama
drama,comedy
documentary,documentary
comedy,drama
drama,documentary
drama,thriller
documentary,documentary
documentary,documentary
adventure,western
documentary,documentary
short,talk-show
drama,drama
comedy,drama
music,music
horror,horror
action,documentary
short,documentary
comedy,short
documentary,drama
reality-tv,documentary
comedy,comedy
drama,drama
comedy,drama
documentary,documentary
drama,drama
drama,comedy
drama,documentary
comedy,comedy
comedy,drama
drama,short
short,short
documentary,documentary
drama,drama
comedy,drama
history,documentary
news,documentary
action,action
drama,drama
documentary,documentary
sci-fi,comedy
documentary,documentary
documentary,documentary
family,family
short,short
documentary,documentary
short,drama
thriller,short
comedy,comedy
documentary,documentary
animation,sci-fi
documentary,documentary
fantasy,adult
documentary,documentary
short,short
documentary,documentary
drama,drama
western,western
documentary,documentary
drama,mystery
drama,drama
thriller,action
documentary,documentary
comedy,comedy
documentary,documentary
short,documentary
documentary,documentary
drama,drama
short,drama
crime,crime
comedy,comedy
documentary,documentary
music,music
drama,drama
comedy,drama
documentary,short
comedy,comedy
drama,comedy
comedy,short
comedy,comedy
western,western
documentary,documentary
drama,drama
drama,drama
comedy,drama
action,sport
comedy,drama
drama,drama
drama,comedy
drama,western
documentary,comedy
comedy,comedy
reality-tv,comedy
short,short
short,documentary
drama,comedy
short,documentary
animation,comedy
documentary,documentary
short,drama
drama,drama
short,drama
drama,documentary
comedy,documentary
family,documentary
drama,drama
documentary,documentary
music,documentary
drama,horror
documentary,documentary
western,western
short,documentary
drama,short
short,drama
short,short
adventure,comedy
biography,thriller
adventure,comedy
drama,drama
documentary,documentary
drama,drama
comedy,comedy
comedy,comedy
action,action
drama,drama
comedy,drama
sci-fi,sci-fi
romance,drama
short,short
documentary,documentary
drama,drama
fantasy,sci-fi
documentary,documentary
drama,drama
comedy,drama
comedy,comedy
drama,drama
fantasy,adult
documentary,documentary
sci-fi,sci-fi
comedy,documentary
drama,short
comedy,comedy
short,short
documentary,documentary
drama,drama
documentary,documentary
fantasy,sci-fi
talk-show,documentary
sci-fi,sci-fi
drama,drama
drama,drama
documentary,documentary
news,music
drama,drama
horror,horror
musical,comedy
documentary,documentary
documentary,documentary
short,short
short,documentary
drama,drama
documentary,documentary
drama,drama
action,drama
drama,drama
drama,documentary
drama,comedy
comedy,comedy
short,short
drama,drama
romance,drama
game-show,reality-tv
comedy,comedy
horror,horror
horror,short
drama,drama
sci-fi,drama
documentary,documentary
drama,drama
sport,sport
drama,drama
documentary,documentary
drama,drama
drama,drama
documentary,documentary
documentary,documentary
thriller,drama
documentary,documentary
horror,horror
romance,drama
documentary,documentary
reality-tv,documentary
fantasy,drama
thriller,drama
documentary,music
comedy,comedy
news,documentary
documentary,documentary
drama,drama
western,crime
drama,drama
drama,drama
horror,drama
short,documentary
drama,documentary
short,short
comedy,comedy
documentary,documentary
documentary,documentary
documentary,documentary
documentary,documentary
musical,drama
drama,drama
drama,drama
documentary,documentary
short,drama
romance,drama
talk-show,drama
horror,horror
documentary,documentary
documentary,documentary
romance,romance
western,western
sport,documentary
documentary,documentary
drama,drama
drama,drama
comedy,comedy
documentary,short
fantasy,animation
documentary,documentary
drama,documentary
short,sci-fi
sport,action
adventure,family
documentary,documentary
comedy,comedy
game-show,game-show
music,music
action,action
documentary,documentary
drama,comedy
documentary,documentary
sport,documentary
drama,documentary
drama,drama
comedy,comedy
fantasy,short
music,music
music,documentary
documentary,documentary
documentary,documentary
music,drama
drama,drama
action,action
comedy,comedy
documentary,documentary
documentary,documentary
comedy,comedy
action,short
documentary,documentary
short,short
thriller,drama
documentary,documentary
documentary,documentary
drama,drama
comedy,comedy
drama,drama
short,horror
documentary,documentary
documentary,action
reality-tv,documentary
comedy,comedy
comedy,drama
comedy,comedy
comedy,comedy
comedy,comedy
reality-tv,documentary
documentary,documentary
documentary,documentary
sport,sport
comedy,comedy
documentary,documentary
reality-tv,reality-tv
drama,drama
adult,drama
documentary,documentary
documentary,drama
short,short
comedy,drama
action,drama
biography,documentary
short,short
family,drama
comedy,comedy
horror,drama
action,action
fantasy,drama
horror,horror
drama,drama
comedy,drama
drama,drama
documentary,documentary
drama,drama
comedy,short
news,documentary
comedy,comedy
short,drama
music,music
short,short
comedy,comedy
documentary,documentary
drama,comedy
drama,short
comedy,drama
comedy,comedy
drama,comedy
reality-tv,documentary
documentary,documentary
comedy,drama
drama,thriller
documentary,documentary
drama,drama
reality-tv,short
comedy,short
documentary,horror
short,short
drama,comedy
comedy,drama
comedy,comedy
animation,adventure
drama,drama
documentary,documentary
comedy,comedy
drama,drama
adult,documentary
thriller,drama
comedy,drama
comedy,comedy
documentary,documentary
drama,drama
comedy,adult
drama,drama
drama,comedy
fantasy,comedy
short,drama
sport,sport
comedy,drama
drama,comedy
drama,action
horror,horror
drama,drama
comedy,drama
talk-show,talk-show
thriller,drama
documentary,documentary
musical,romance
horror,comedy
drama,comedy
drama,comedy
comedy,comedy
comedy,drama
adult,adult
drama,musical
short,short
comedy,short
horror,horror
documentary,documentary
documentary,documentary
action,drama
adult,comedy
comedy,comedy
drama,drama
drama,documentary
drama,drama
thriller,drama
drama,drama
action,action
comedy,comedy
comedy,documentary
drama,drama
comedy,drama
comedy,drama
music,comedy
drama,short
documentary,documentary
documentary,documentary
drama,drama
documentary,documentary
documentary,documentary
drama,comedy
romance,drama
family,drama
documentary,documentary
drama,drama
short,short
drama,drama
comedy,comedy
documentary,documentary
drama,drama
documentary,documentary
drama,drama
short,short
drama,drama
romance,comedy
short,documentary
comedy,drama
western,western
documentary,documentary
drama,comedy
drama,documentary
comedy,comedy
documentary,documentary
comedy,comedy
documentary,documentary
drama,drama
drama,comedy
reality-tv,documentary
short,comedy
drama,drama
music,comedy
documentary,documentary
drama,drama
comedy,drama
comedy,comedy
reality-tv,short
comedy,drama
sport,documentary
documentary,documentary
comedy,comedy
comedy,comedy
documentary,documentary
documentary,comedy
comedy,comedy
comedy,comedy
short,short
documentary,documentary
animation,documentary
music,documentary
comedy,action
comedy,comedy
short,short
documentary,documentary
documentary,documentary
documentary,documentary
comedy,comedy
drama,war
documentary,documentary
action,action
documentary,documentary
drama,drama
documentary,documentary
drama,drama
drama,drama
horror,horror
drama,drama
animation,comedy
drama,documentary
romance,drama
drama,drama
comedy,drama
horror,drama
thriller,drama
comedy,short
documentary,short
documentary,documentary
drama,drama
thriller,thriller
sport,documentary
drama,adventure
short,short
music,documentary
documentary,documentary
reality-tv,documentary
short,short
horror,horror
documentary,short
comedy,comedy
documentary,documentary
short,short
sci-fi,sci-fi
drama,documentary
talk-show,documentary
family,comedy
short,documentary
comedy,comedy
documentary,documentary
western,drama
documentary,drama
drama,drama
drama,comedy
action,drama
short,documentary
reality-tv,documentary
talk-show,comedy
documentary,drama
thriller,drama
animation,comedy
short,short
documentary,documentary
documentary,documentary
documentary,documentary
action,drama
drama,drama
drama,drama
documentary,drama
drama,drama
documentary,documentary
documentary,short
adventure,documentary
drama,drama
drama,drama
thriller,comedy
documentary,documentary
documentary,documentary
drama,documentary
western,western
drama,drama
drama,drama
comedy,comedy
documentary,documentary
short,documentary
drama,drama
reality-tv,documentary
documentary,short
documentary,documentary
family,documentary
documentary,documentary
short,drama
thriller,reality-tv
horror,documentary
western,drama
comedy,comedy
western,western
drama,documentary
sport,sport
drama,drama
comedy,comedy
documentary,documentary
family,short
comedy,comedy
drama,drama
drama,drama
documentary,documentary
short,drama
drama,drama
short,action
drama,comedy
documentary,documentary
drama,drama
documentary,drama
game-show,game-show
short,short
drama,drama
drama,drama
comedy,drama
drama,short
comedy,drama
documentary,documentary
documentary,documentary
thriller,drama
documentary,documentary
documentary,documentary
drama,documentary
documentary,documentary
comedy,comedy
thriller,drama
comedy,comedy
short,short
documentary,documentary
horror,drama
drama,drama
comedy,comedy
family,comedy
drama,documentary
comedy,documentary
drama,drama
drama,drama
drama,drama
short,comedy
comedy,comedy
short,comedy
drama,drama
adult,adult
drama,drama
documentary,documentary
documentary,short
short,short
comedy,drama
comedy,comedy
documentary,documentary
reality-tv,documentary
thriller,drama
documentary,documentary
comedy,comedy
action,action
documentary,short
reality-tv,documentary
comedy,comedy
drama,drama
adult,drama
reality-tv,reality-tv
family,comedy
documentary,documentary
drama,short
western,drama
short,short
comedy,thriller
comedy,comedy
comedy,comedy
drama,drama
adventure,drama
documentary,documentary
documentary,documentary
documentary,documentary
documentary,documentary
documentary,documentary
documentary,documentary
western,western
documentary,documentary
drama,drama
documentary,documentary
documentary,documentary
drama,drama
drama,drama
drama,drama
family,family
documentary,short
horror,horror
drama,documentary
documentary,documentary
drama,drama
drama,drama
documentary,documentary
drama,drama
drama,drama
documentary,documentary
music,documentary
comedy,comedy
drama,drama
documentary,documentary
documentary,documentary
documentary,drama
documentary,documentary
documentary,documentary
drama,horror
documentary,documentary
drama,drama
action,sci-fi
documentary,documentary
thriller,comedy
documentary,documentary
documentary,short
comedy,drama
comedy,comedy
horror,drama
drama,comedy
reality-tv,documentary
documentary,documentary
documentary,documentary
documentary,documentary
music,reality-tv
comedy,thriller
drama,documentary
documentary,documentary
crime,thriller
drama,comedy
short,comedy
comedy,comedy
short,comedy
adventure,adventure
short,comedy
comedy,comedy
short,short
documentary,documentary
comedy,comedy
drama,drama
documentary,documentary
drama,drama
drama,drama
documentary,documentary
music,music
documentary,documentary
short,comedy
documentary,drama
short,short
drama,drama
documentary,drama
western,western
drama,drama
drama,drama
documentary,documentary
documentary,documentary
comedy,short
comedy,drama
sci-fi,sci-fi
drama,documentary
short,short
comedy,documentary
comedy,comedy
documentary,documentary
comedy,drama
documentary,documentary
documentary,documentary
documentary,documentary
comedy,comedy
documentary,documentary
comedy,comedy
drama,drama
action,action
drama,drama
adventure,drama
documentary,documentary
drama,comedy
sci-fi,drama
documentary,documentary
drama,drama
drama,drama
drama,drama
action,action
horror,horror
comedy,drama
war,horror
short,drama
documentary,documentary
documentary,documentary
game-show,game-show
drama,drama
drama,drama
comedy,comedy
documentary,documentary
horror,drama
comedy,comedy
comedy,comedy
biography,documentary
war,drama
thriller,drama
drama,drama
documentary,documentary
thriller,comedy
comedy,comedy
crime,comedy
music,horror
documentary,documentary
family,documentary
western,drama
drama,drama
action,action
drama,drama
action,action
action,action
documentary,short
documentary,documentary
drama,comedy
drama,drama
drama,documentary
drama,drama
sci-fi,short
drama,documentary
short,drama
horror,horror
comedy,comedy
drama,comedy
short,drama
documentary,documentary
documentary,documentary
news,comedy
documentary,documentary
drama,drama
crime,horror
crime,drama
documentary,music
drama,drama
action,drama
reality-tv,crime
drama,drama
family,drama
war,short
comedy,drama
short,documentary
documentary,documentary
documentary,documentary
drama,documentary
drama,short
news,game-show
documentary,documentary
drama,short
horror,horror
comedy,comedy
drama,drama
musical,documentary
documentary,drama
drama,drama
drama,drama
game-show,game-show
short,drama
drama,drama
drama,comedy
short,comedy
short,documentary
drama,horror
documentary,comedy
comedy,comedy
short,comedy
drama,drama
drama,documentary
history,documentary
comedy,comedy
thriller,thriller
horror,short
drama,drama
romance,comedy
documentary,documentary
documentary,documentary
drama,drama
comedy,drama
documentary,documentary
comedy,comedy
family,drama
drama,drama
drama,comedy
comedy,comedy
drama,drama
drama,drama
drama,drama
drama,drama
western,western
action,action
short,short
documentary,short
drama,drama
western,western
comedy,comedy
documentary,documentary
adult,drama
reality-tv,reality-tv
documentary,documentary
drama,drama
short,documentary
drama,documentary
adventure,drama
war,documentary
short,documentary
documentary,documentary
drama,drama
comedy,comedy
drama,drama
action,comedy
drama,drama
drama,drama
family,sci-fi
documentary,documentary
documentary,documentary
comedy,comedy
drama,drama
drama,drama
comedy,comedy
sci-fi,western
drama,drama
drama,drama
drama,drama
documentary,documentary
action,action
drama,drama
documentary,documentary
documentary,documentary
action,drama
drama,documentary
western,drama
drama,drama
drama,comedy
drama,drama
crime,action
documentary,short
drama,comedy
romance,comedy
documentary,reality-tv
comedy,comedy
horror,horror
comedy,horror
comedy,adventure
drama,drama
documentary,sport
documentary,documentary
thriller,drama
war,drama
documentary,documentary
documentary,documentary
short,drama
documentary,documentary
music,music
documentary,documentary
drama,drama
documentary,documentary
documentary,documentary
comedy,comedy
western,western
drama,documentary
history,drama
comedy,documentary
documentary,documentary
drama,drama
horror,thriller
comedy,comedy
documentary,short
comedy,drama
comedy,drama
documentary,documentary
thriller,thriller
drama,drama
drama,drama
documentary,documentary
drama,comedy
drama,drama
documentary,documentary
documentary,documentary
documentary,documentary
talk-show,documentary
documentary,documentary
western,western
comedy,comedy
news,talk-show
drama,drama
documentary,documentary
family,drama
horror,horror
documentary,documentary
documentary,documentary
drama,documentary
documentary,reality-tv
drama,comedy
documentary,drama
comedy,drama
horror,horror
documentary,documentary
horror,short
horror,horror
comedy,drama
documentary,documentary
sci-fi,sci-fi
comedy,horror
documentary,documentary
short,documentary
documentary,documentary
documentary,music
short,short
short,short
drama,comedy
fantasy,horror
documentary,documentary
documentary,documentary
adventure,comedy
documentary,short
adult,adult
drama,drama
documentary,documentary
comedy,comedy
drama,documentary
drama,documentary
comedy,documentary
comedy,comedy
comedy,drama
documentary,documentary
drama,comedy
drama,drama
drama,drama
documentary,drama
thriller,comedy
comedy,drama
short,short
drama,comedy
documentary,documentary
drama,drama
documentary,drama
talk-show,talk-show
drama,drama
drama,drama
thriller,action
adult,adult
talk-show,music
documentary,documentary
drama,drama
adventure,thriller
short,short
documentary,documentary
drama,comedy
documentary,short
thriller,drama
documentary,documentary
documentary,documentary
comedy,comedy
romance,drama
thriller,drama
music,music
drama,drama
horror,horror
drama,short
documentary,documentary
documentary,comedy
documentary,documentary
documentary,documentary
reality-tv,reality-tv
family,drama
drama,drama
documentary,documentary
documentary,documentary
drama,drama
documentary,drama
comedy,comedy
comedy,short
drama,drama
comedy,drama
documentary,documentary
documentary,documentary
western,western
short,documentary
talk-show,comedy
short,drama
documentary,documentary
short,drama
sci-fi,sci-fi
drama,drama
comedy,comedy
sci-fi,sci-fi
short,drama
documentary,documentary
action,comedy
comedy,comedy
comedy,comedy
drama,comedy
animation,adventure
documentary,documentary
documentary,documentary
short,short
documentary,documentary
documentary,documentary
crime,drama
drama,comedy
comedy,documentary
biography,short
documentary,documentary
adventure,sci-fi
drama,documentary
mystery,drama
documentary,documentary
documentary,documentary
music,music
drama,drama
horror,horror
short,drama
musical,drama
comedy,comedy
drama,drama
documentary,animation
drama,drama
short,short
documentary,short
history,documentary
drama,drama
documentary,documentary
horror,horror
comedy,documentary
comedy,comedy
sci-fi,documentary
comedy,comedy
drama,drama
drama,documentary
talk-show,comedy
short,short
short,comedy
horror,drama
family,documentary
documentary,documentary
documentary,documentary
music,documentary
drama,documentary
documentary,drama
western,western
drama,horror
drama,documentary
short,drama
documentary,drama
short,comedy
comedy,comedy
comedy,comedy
drama,documentary
comedy,comedy
western,drama
documentary,documentary
documentary,drama
horror,horror
documentary,documentary
short,documentary
drama,documentary
documentary,documentary
documentary,documentary
short,short
short,documentary
drama,drama
drama,drama
biography,documentary
adult,comedy
documentary,documentary
short,documentary
documentary,documentary
documentary,documentary
crime,crime
documentary,documentary
drama,drama
adventure,comedy
short,comedy
adult,adult
short,short
documentary,documentary
documentary,drama
comedy,comedy
comedy,drama
documentary,drama
comedy,documentary
adult,adventure
sci-fi,sci-fi
horror,horror
documentary,documentary
horror,horror
drama,thriller
comedy,drama
short,action
documentary,drama
thriller,comedy
drama,short
short,short
documentary,documentary
drama,comedy
documentary,documentary
documentary,documentary
short,documentary
short,short
drama,drama
drama,drama
western,western
comedy,comedy
drama,drama
documentary,documentary
short,comedy
comedy,comedy
documentary,documentary
drama,drama
documentary,documentary
drama,comedy
documentary,documentary
western,western
horror,horror
drama,documentary
drama,drama
documentary,documentary
documentary,documentary
thriller,drama
drama,comedy
documentary,documentary
comedy,comedy
drama,drama
romance,comedy
horror,drama
short,short
drama,drama
documentary,documentary
western,horror
comedy,comedy
documentary,documentary
romance,drama
comedy,comedy
short,drama
war,documentary
short,drama
drama,drama
short,documentary
drama,drama
drama,drama
drama,comedy
action,action
western,western
drama,short
horror,horror
documentary,documentary
drama,drama
drama,drama
documentary,documentary
drama,drama
documentary,documentary
music,sport
short,documentary
fantasy,comedy
documentary,documentary
western,western
history,music
documentary,documentary
drama,documentary
crime,thriller
horror,horror
drama,short
documentary,documentary
drama,drama
game-show,reality-tv
horror,horror
talk-show,talk-show
comedy,documentary
drama,drama
drama,drama
documentary,family
action,drama
action,comedy
documentary,documentary
comedy,comedy
comedy,short
documentary,documentary
documentary,documentary
action,action
drama,drama
documentary,documentary
documentary,documentary
drama,drama
documentary,documentary
music,music
romance,drama
drama,documentary
documentary,documentary
comedy,comedy
comedy,drama
documentary,documentary
crime,thriller
horror,horror
comedy,drama
history,reality-tv
romance,drama
drama,documentary
documentary,documentary
horror,horror
documentary,documentary
drama,drama
documentary,documentary
crime,short
documentary,short
short,documentary
animation,family
horror,horror
music,music
horror,horror
comedy,comedy
short,short
sport,short
romance,comedy
documentary,documentary
drama,drama
drama,drama
documentary,documentary
action,drama
drama,horror
documentary,documentary
action,horror
comedy,short
comedy,comedy
documentary,short
western,drama
adventure,horror
documentary,documentary
short,family
short,documentary
documentary,documentary
comedy,comedy
horror,horror
documentary,documentary
crime,documentary
comedy,documentary
short,documentary
drama,drama
western,western
documentary,documentary
drama,drama
crime,drama
comedy,drama
documentary,documentary
drama,drama
documentary,documentary
comedy,comedy
family,documentary
horror,horror
drama,drama
drama,documentary
thriller,drama
sport,sport
short,documentary
documentary,talk-show
documentary,documentary
documentary,drama
sci-fi,drama
drama,drama
documentary,documentary
short,documentary
horror,horror
family,sport
documentary,documentary
horror,horror
short,drama
adventure,action
comedy,comedy
drama,drama
short,short
western,western
short,short
reality-tv,short
documentary,documentary
drama,drama
documentary,comedy
comedy,drama
horror,thriller
crime,documentary
drama,comedy
documentary,documentary
short,short
short,short
short,drama
comedy,comedy
horror,drama
drama,drama
documentary,documentary
short,drama
documentary,documentary
documentary,documentary
short,drama
drama,drama
action,drama
short,comedy
action,action
documentary,documentary
drama,drama
comedy,comedy
drama,drama
short,thriller
documentary,documentary
documentary,documentary
romance,short
comedy,comedy
family,documentary
documentary,documentary
romance,comedy
sport,comedy
documentary,documentary
documentary,documentary
documentary,documentary
reality-tv,documentary
music,documentary
documentary,drama
sci-fi,drama
reality-tv,reality-tv
romance,drama
short,short
short,documentary
thriller,crime
documentary,documentary
fantasy,drama
adventure,documentary
comedy,drama
short,drama
comedy,drama
drama,drama
history,documentary
drama,short
music,documentary
short,comedy
drama,drama
drama,horror
reality-tv,sport
drama,drama
drama,drama
romance,drama
game-show,game-show
documentary,documentary
thriller,thriller
talk-show,documentary
fantasy,adventure
documentary,documentary
short,short
documentary,documentary
documentary,documentary
documentary,short
comedy,comedy
horror,western
drama,comedy
documentary,documentary
talk-show,comedy
music,documentary
short,drama
documentary,documentary
action,short
drama,short
western,adventure
drama,drama
drama,drama
comedy,comedy
romance,drama
comedy,drama
short,short
horror,horror
comedy,drama
short,documentary
thriller,adventure
thriller,comedy
drama,short
comedy,drama
documentary,documentary
short,short
short,short
horror,horror
drama,drama
adventure,comedy
short,documentary
documentary,documentary
action,drama
documentary,documentary
short,thriller
documentary,documentary
crime,comedy
action,action
comedy,drama
drama,drama
comedy,drama
western,western
drama,drama
documentary,documentary
documentary,documentary
drama,drama
music,documentary
documentary,documentary
drama,drama
family,documentary
documentary,documentary
comedy,comedy
drama,drama
documentary,documentary
short,drama
horror,horror
short,animation
comedy,action
comedy,comedy
action,drama
drama,documentary
short,comedy
drama,drama
documentary,documentary
drama,drama
drama,drama
comedy,comedy
comedy,drama
western,western
adventure,drama
comedy,drama
documentary,documentary
drama,drama
drama,drama
talk-show,documentary
short,drama
drama,drama
documentary,documentary
mystery,adventure
comedy,comedy
comedy,comedy
horror,horror
music,music
horror,comedy
documentary,documentary
family,documentary
drama,short
western,western
adventure,documentary
documentary,documentary
thriller,drama
comedy,drama
action,action
documentary,documentary
drama,drama
drama,drama
comedy,comedy
short,drama
comedy,comedy
music,music
documentary,documentary
short,drama
comedy,comedy
documentary,documentary
biography,drama
documentary,documentary
documentary,documentary
short,short
drama,drama
short,drama
documentary,comedy
drama,drama
drama,drama
music,documentary
comedy,comedy
horror,thriller
drama,drama
horror,comedy
short,comedy
drama,drama
adult,documentary
comedy,comedy
action,drama
documentary,documentary
drama,romance
drama,short
drama,comedy
short,documentary
drama,short
drama,drama
short,documentary
action,action
comedy,comedy
documentary,documentary
drama,drama
reality-tv,documentary
action,action
drama,drama
drama,drama
drama,drama
adventure,documentary
drama,drama
comedy,drama
comedy,drama
short,sci-fi
action,action
drama,drama
music,family
documentary,documentary
documentary,documentary
drama,comedy
animation,short
comedy,drama
horror,horror
drama,drama
horror,reality-tv
drama,drama
documentary,documentary
thriller,sci-fi
horror,horror
documentary,documentary
comedy,drama
mystery,drama
short,drama
short,short
documentary,documentary
thriller,documentary
comedy,comedy
action,thriller
documentary,documentary
comedy,documentary
documentary,documentary
drama,short
drama,drama
documentary,music
drama,drama
horror,horror
sport,sport
drama,comedy
drama,comedy
drama,drama
documentary,documentary
documentary,documentary
horror,comedy
documentary,comedy
drama,drama
documentary,documentary
drama,documentary
documentary,documentary
animation,animation
documentary,documentary
drama,drama
fantasy,drama
war,action
war,action
short,drama
documentary,documentary
documentary,documentary
drama,documentary
drama,drama
music,documentary
drama,comedy
documentary,documentary
western,western
comedy,drama
documentary,documentary
comedy,comedy
documentary,western
documentary,documentary
short,drama
drama,horror
documentary,documentary
drama,adult
comedy,comedy
documentary,documentary
drama,short
drama,drama
drama,drama
drama,drama
drama,drama
comedy,drama
documentary,documentary
drama,drama
drama,drama
drama,drama
documentary,drama
short,drama
horror,horror
documentary,documentary
drama,drama
comedy,drama
drama,comedy
drama,drama
reality-tv,documentary
documentary,documentary
drama,documentary
documentary,documentary
short,drama
western,western
documentary,documentary
sci-fi,documentary
documentary,documentary
thriller,drama
drama,drama
drama,documentary
comedy,comedy
documentary,documentary
horror,horror
drama,comedy
reality-tv,reality-tv
drama,drama
romance,romance
drama,short
sci-fi,sci-fi
drama,comedy
animation,animation
western,drama
drama,drama
sci-fi,action
drama,documentary
comedy,comedy
drama,drama
documentary,documentary
western,western
talk-show,documentary
family,romance
musical,musical
documentary,drama
short,short
comedy,music
drama,drama
drama,comedy
sci-fi,sci-fi
thriller,horror
drama,drama
drama,drama
drama,drama
drama,drama
comedy,short
comedy,documentary
documentary,short
drama,drama
documentary,documentary
drama,drama
documentary,drama
documentary,drama
documentary,documentary
drama,drama
crime,comedy
documentary,documentary
documentary,drama
short,horror
comedy,comedy
comedy,comedy
short,documentary
comedy,reality-tv
drama,drama
drama,drama
animation,animation
documentary,documentary
thriller,drama
drama,romance
music,music
thriller,adventure
documentary,documentary
thriller,thriller
documentary,documentary
documentary,documentary
drama,drama
documentary,documentary
documentary,short
short,short
documentary,documentary
documentary,documentary
drama,drama
drama,drama
documentary,documentary
drama,drama
talk-show,reality-tv
drama,drama
drama,drama
drama,drama
drama,drama
comedy,drama
musical,comedy
comedy,drama
action,thriller
drama,drama
documentary,documentary
mystery,thriller
documentary,documentary
adventure,action
short,short
comedy,drama
musical,drama
documentary,adventure
drama,drama
crime,action
drama,drama
adventure,documentary
documentary,documentary
drama,drama
drama,drama
documentary,documentary
western,western
documentary,short
drama,drama
documentary,documentary
horror,short
documentary,documentary
family,musical
comedy,comedy
romance,drama
short,short
documentary,documentary
comedy,comedy
short,short
comedy,comedy
drama,drama
documentary,documentary
documentary,documentary
comedy,comedy
comedy,drama
adventure,comedy
adult,reality-tv
documentary,documentary
sport,sport
comedy,comedy
action,documentary
documentary,documentary
drama,drama
horror,horror
comedy,comedy
drama,comedy
sci-fi,sci-fi
documentary,drama
comedy,comedy
comedy,horror
short,drama
documentary,documentary
documentary,documentary
comedy,drama
comedy,comedy
comedy,comedy
drama,horror
horror,documentary
documentary,documentary
documentary,documentary
short,short
documentary,documentary
short,documentary
adventure,drama
drama,drama
horror,horror
horror,thriller
reality-tv,reality-tv
documentary,documentary
short,drama
drama,drama
drama,drama
comedy,comedy
documentary,documentary
short,documentary
adventure,comedy
short,short
drama,drama
drama,documentary
short,documentary
documentary,short
comedy,comedy
documentary,documentary
documentary,documentary
drama,comedy
drama,drama
comedy,comedy
comedy,comedy
news,documentary
documentary,documentary
documentary,drama
horror,horror
war,war
thriller,drama
drama,drama
comedy,comedy
comedy,drama
comedy,drama
short,talk-show
comedy,comedy
short,drama
reality-tv,reality-tv
documentary,documentary
reality-tv,documentary
documentary,documentary
documentary,documentary
comedy,comedy
drama,drama
drama,short
documentary,documentary
documentary,documentary
drama,drama
drama,drama
documentary,documentary
biography,drama
documentary,drama
drama,drama
documentary,documentary
comedy,comedy
comedy,drama
short,drama
comedy,comedy
thriller,drama
family,comedy
horror,horror
comedy,history
comedy,drama
action,comedy
horror,horror
fantasy,horror
horror,horror
short,documentary
western,western
reality-tv,drama
reality-tv,reality-tv
drama,drama
sci-fi,comedy
short,comedy
comedy,comedy
mystery,drama
reality-tv,reality-tv
western,drama
horror,horror
documentary,documentary
thriller,horror
thriller,comedy
short,short
family,comedy
documentary,documentary
drama,drama
comedy,comedy
short,drama
sci-fi,short
drama,comedy
comedy,drama
drama,drama
reality-tv,comedy
family,family
drama,drama
romance,comedy
drama,drama
adult,adult
adult,adult
documentary,documentary
drama,drama
comedy,comedy
drama,drama
documentary,documentary
comedy,comedy
short,comedy
comedy,comedy
western,western
fantasy,drama
comedy,drama
documentary,documentary
documentary,documentary
horror,horror
short,short
short,short
comedy,drama
family,drama
comedy,horror
documentary,documentary
drama,drama
horror,horror
thriller,comedy
short,short
drama,short
western,western
documentary,documentary
drama,drama
drama,drama
thriller,horror
comedy,comedy
crime,thriller
documentary,documentary
drama,comedy
comedy,comedy
documentary,drama
short,comedy
thriller,comedy
short,documentary
thriller,thriller
drama,documentary
drama,drama
short,comedy
comedy,comedy
short,drama
drama,drama
documentary,documentary
drama,drama
documentary,documentary
documentary,documentary
short,documentary
documentary,documentary
family,music
family,drama
drama,drama
short,short
comedy,comedy
horror,comedy
drama,drama
documentary,documentary
documentary,documentary
adventure,adventure
documentary,documentary
comedy,comedy
comedy,comedy
short,documentary
sci-fi,sci-fi
sci-fi,sci-fi
short,short
comedy,comedy
comedy,comedy
drama,documentary
comedy,drama
comedy,drama
drama,drama
drama,drama
thriller,drama
drama,comedy
mystery,drama
documentary,documentary
documentary,documentary
documentary,documentary
drama,comedy
documentary,music
thriller,drama
romance,drama
comedy,comedy
short,drama
drama,drama
comedy,comedy
sci-fi,sci-fi
horror,drama
drama,drama
drama,drama
comedy,comedy
drama,drama
documentary,music
documentary,documentary
romance,drama
documentary,documentary
documentary,documentary
documentary,documentary
thriller,drama
documentary,documentary
drama,drama
documentary,short
drama,documentary
horror,documentary
documentary,documentary
mystery,horror
drama,drama
drama,drama
western,western
reality-tv,documentary
drama,drama
documentary,documentary
sport,sport
horror,comedy
documentary,short
biography,documentary
short,short
drama,drama
short,documentary
music,music
documentary,documentary
drama,documentary
western,western
comedy,documentary
drama,comedy
western,western
musical,short
drama,documentary
drama,short
family,drama
documentary,documentary
comedy,music
sport,documentary
documentary,documentary
short,drama
sci-fi,action
documentary,documentary
comedy,short
talk-show,short
western,western
documentary,documentary
drama,drama
horror,documentary
documentary,documentary
family,comedy
short,drama
thriller,comedy
short,documentary
documentary,documentary
comedy,drama
drama,drama
documentary,documentary
documentary,documentary
drama,drama
horror,documentary
comedy,short
mystery,thriller
comedy,comedy
family,drama
horror,horror
horror,horror
sci-fi,sci-fi
horror,horror
comedy,comedy
reality-tv,documentary
drama,drama
short,drama
horror,horror
drama,drama
drama,drama
drama,drama
horror,horror
drama,comedy
drama,drama
comedy,drama
documentary,documentary
documentary,documentary
comedy,action
short,drama
game-show,sport
short,documentary
music,music
sport,documentary
documentary,documentary
music,documentary
drama,drama
thriller,thriller
drama,documentary
adult,adventure
sci-fi,drama
adventure,comedy
comedy,short
documentary,documentary
drama,drama
musical,drama
sci-fi,documentary
adventure,adventure
documentary,documentary
documentary,documentary
documentary,documentary
short,short
documentary,documentary
adventure,adventure
comedy,comedy
horror,horror
comedy,short
documentary,documentary
western,western
comedy,sport
comedy,comedy
horror,comedy
drama,drama
comedy,comedy
drama,drama
comedy,comedy
drama,drama
drama,drama
drama,documentary
documentary,adventure
documentary,documentary
short,drama
family,comedy
comedy,comedy
drama,drama
documentary,documentary
short,drama
action,sport
drama,drama
horror,horror
short,short
drama,thriller
short,drama
drama,documentary
thriller,thriller
family,drama
documentary,documentary
comedy,comedy
documentary,horror
horror,drama
drama,short
documentary,documentary
sci-fi,sci-fi
drama,documentary
comedy,drama
western,western
comedy,drama
thriller,drama
history,documentary
comedy,comedy
reality-tv,short
drama,documentary
short,drama
documentary,documentary
talk-show,short
documentary,drama
documentary,documentary
documentary,documentary
comedy,comedy
comedy,comedy
adventure,adventure
comedy,comedy
action,thriller
sport,documentary
drama,drama
documentary,documentary
short,short
western,action
documentary,short
short,documentary
documentary,documentary
adult,short
action,sci-fi
documentary,documentary
sci-fi,sci-fi
drama,short
documentary,documentary
horror,horror
documentary,documentary
comedy,drama
documentary,short
romance,drama
documentary,documentary
documentary,documentary
drama,drama
talk-show,short
documentary,documentary
drama,drama
short,short
mystery,horror
horror,adventure
music,documentary
drama,drama
drama,action
comedy,comedy
short,drama
comedy,comedy
short,drama
comedy,drama
adventure,drama
documentary,documentary
music,music
drama,drama
mystery,comedy
documentary,documentary
biography,documentary
documentary,documentary
comedy,comedy
sport,sport
documentary,documentary
comedy,comedy
horror,horror
documentary,documentary
family,family
adult,adult
documentary,documentary
comedy,comedy
drama,comedy
comedy,drama
comedy,drama
drama,drama
documentary,documentary
documentary,documentary
drama,drama
comedy,comedy
short,short
documentary,documentary
drama,horror
biography,documentary
drama,drama
comedy,comedy
horror,horror
horror,horror
drama,drama
documentary,documentary
drama,drama
short,drama
drama,drama
drama,comedy
comedy,comedy
short,documentary
documentary,documentary
comedy,comedy
drama,drama
drama,short
reality-tv,comedy
short,horror
short,drama
drama,comedy
documentary,documentary
drama,drama
short,documentary
documentary,documentary
drama,drama
family,animation
sci-fi,sci-fi
comedy,drama
family,comedy
comedy,drama
comedy,comedy
horror,horror
short,short
music,music
comedy,drama
documentary,documentary
biography,documentary
documentary,documentary
horror,drama
family,documentary
drama,drama
documentary,documentary
comedy,comedy
documentary,short
reality-tv,drama
documentary,documentary
drama,drama
drama,drama
drama,drama
comedy,documentary
drama,drama
documentary,documentary
drama,drama
drama,reality-tv
comedy,comedy
war,drama
drama,short
romance,drama
comedy,comedy
horror,horror
comedy,drama
documentary,documentary
drama,drama
horror,drama
adult,adult
drama,drama
comedy,comedy
documentary,documentary
short,short
drama,drama
comedy,comedy
western,drama
comedy,comedy
news,news
romance,drama
documentary,documentary
drama,documentary
animation,drama
musical,documentary
comedy,documentary
short,short
drama,drama
drama,drama
documentary,documentary
short,short
documentary,documentary
drama,drama
drama,drama
short,short
comedy,comedy
drama,drama
documentary,comedy
drama,drama
horror,horror
short,drama
documentary,short
crime,documentary
short,comedy
short,drama
short,documentary
documentary,documentary
horror,horror
musical,drama
drama,comedy
documentary,documentary
drama,comedy
drama,drama
drama,drama
thriller,drama
documentary,documentary
thriller,drama
comedy,comedy
documentary,documentary
documentary,drama
documentary,documentary
drama,drama
drama,drama
documentary,documentary
drama,drama
reality-tv,documentary
drama,comedy
drama,comedy
reality-tv,documentary
short,drama
crime,comedy
documentary,reality-tv
documentary,documentary
documentary,documentary
western,western
drama,drama
drama,comedy
drama,drama
drama,drama
drama,comedy
drama,drama
drama,drama
documentary,documentary
drama,short
thriller,drama
short,comedy
documentary,documentary
comedy,comedy
documentary,documentary
documentary,documentary
biography,drama
western,western
drama,drama
drama,drama
drama,drama
drama,drama
comedy,comedy
drama,western
documentary,short
documentary,documentary
sport,sport
action,drama
adult,comedy
drama,documentary
short,drama
short,drama
comedy,documentary
drama,documentary
western,horror
drama,drama
drama,drama
drama,reality-tv
documentary,documentary
documentary,documentary
drama,drama
documentary,documentary
documentary,documentary
news,documentary
documentary,documentary
drama,drama
sci-fi,comedy
drama,drama
comedy,short
crime,thriller
comedy,action
documentary,documentary
documentary,documentary
documentary,documentary
drama,drama
horror,horror
crime,comedy
horror,horror
musical,comedy
documentary,documentary
drama,drama
thriller,drama
thriller,drama
adult,adult
short,drama
horror,horror
documentary,documentary
documentary,sport
drama,drama
drama,documentary
action,documentary
drama,drama
short,documentary
western,western
drama,drama
short,drama
drama,short
drama,comedy
short,short
thriller,thriller
drama,documentary
comedy,comedy
family,comedy
documentary,documentary
drama,comedy
documentary,documentary
drama,drama
drama,drama
adventure,adventure
family,comedy
short,drama
documentary,short
thriller,drama
short,comedy
drama,drama
comedy,comedy
western,western
western,western
drama,horror
drama,drama
comedy,comedy
short,short
short,short
music,drama
documentary,drama
drama,drama
western,western
short,comedy
drama,drama
documentary,documentary
drama,short
romance,drama
adult,comedy
drama,drama
drama,drama
comedy,short
drama,action
drama,drama
documentary,documentary
western,documentary
documentary,action
comedy,comedy
short,drama
comedy,documentary
documentary,comedy
documentary,documentary
documentary,documentary
documentary,documentary
comedy,music
thriller,comedy
comedy,comedy
family,drama
news,talk-show
documentary,documentary
talk-show,talk-show
drama,drama
drama,documentary
documentary,documentary
short,short
short,drama
adult,adult
short,short
animation,short
drama,drama
drama,drama
drama,short
drama,drama
drama,drama
short,short
short,short
adventure,documentary
drama,drama
drama,drama
action,drama
documentary,documentary
drama,drama
drama,drama
short,drama
drama,drama
documentary,documentary
comedy,drama
comedy,comedy
drama,drama
comedy,documentary
comedy,comedy
documentary,documentary
adult,short
horror,horror
comedy,comedy
comedy,comedy
comedy,comedy
documentary,documentary
comedy,comedy
drama,drama
music,documentary
documentary,documentary
action,adventure
documentary,drama
horror,drama
short,comedy
drama,fantasy
drama,drama
drama,drama
comedy,comedy
documentary,documentary
documentary,documentary
short,short
documentary,documentary
drama,drama
comedy,drama
documentary,documentary
comedy,drama
drama,drama
comedy,comedy
drama,comedy
drama,comedy
action,comedy
comedy,comedy
drama,drama
drama,documentary
drama,comedy
drama,drama
documentary,documentary
animation,drama
documentary,documentary
documentary,documentary
sci-fi,sci-fi
romance,romance
documentary,documentary
drama,action
comedy,comedy
drama,drama
short,horror
action,action
drama,short
documentary,documentary
crime,comedy
short,drama
documentary,documentary
thriller,short
drama,drama
horror,horror
drama,drama
documentary,documentary
adult,short
drama,drama
drama,drama
drama,drama
animation,family
drama,drama
drama,drama
romance,drama
comedy,comedy
short,short
western,short
drama,drama
drama,drama
talk-show,documentary
documentary,drama
mystery,drama
crime,adventure
drama,drama
comedy,comedy
romance,drama
drama,drama
drama,drama
documentary,documentary
documentary,documentary
game-show,documentary
drama,drama
drama,documentary
documentary,documentary
drama,drama
thriller,drama
horror,horror
drama,comedy
documentary,documentary
drama,short
short,drama
drama,drama
short,horror
documentary,documentary
drama,drama
documentary,documentary
horror,comedy
fantasy,drama
drama,drama
thriller,documentary
drama,drama
biography,documentary
documentary,documentary
drama,drama
musical,horror
drama,drama
documentary,documentary
documentary,documentary
documentary,documentary
adventure,drama
documentary,documentary
drama,drama
drama,drama
reality-tv,drama
short,documentary
mystery,drama
documentary,comedy
drama,drama
drama,drama
drama,thriller
crime,drama
drama,comedy
documentary,documentary
documentary,comedy
fantasy,animation
reality-tv,drama
drama,documentary
comedy,short
documentary,documentary
drama,drama
drama,drama
drama,comedy
comedy,comedy
comedy,comedy
drama,drama
comedy,reality-tv
western,western
comedy,comedy
drama,drama
drama,drama
documentary,documentary
drama,comedy
action,documentary
drama,drama
sci-fi,horror
drama,drama
drama,comedy
documentary,documentary
documentary,documentary
adventure,comedy
history,documentary
documentary,documentary
horror,horror
comedy,comedy
drama,comedy
comedy,drama
short,comedy
drama,drama
drama,comedy
romance,comedy
comedy,comedy
comedy,comedy
comedy,drama
documentary,documentary
drama,documentary
documentary,documentary
mystery,drama
drama,comedy
comedy,comedy
documentary,documentary
music,music
short,documentary
western,western
comedy,comedy
documentary,drama
documentary,documentary
drama,drama
comedy,drama
documentary,documentary
drama,drama
drama,drama
drama,comedy
short,drama
drama,comedy
drama,documentary
comedy,comedy
sport,documentary
drama,drama
drama,documentary
horror,horror
documentary,documentary
short,short
comedy,comedy
reality-tv,reality-tv
documentary,documentary
short,comedy
documentary,documentary
drama,drama
drama,drama
drama,drama
documentary,documentary
documentary,documentary
comedy,comedy
drama,comedy
documentary,documentary
family,comedy
drama,drama
sci-fi,action
documentary,documentary
sci-fi,documentary
documentary,drama
drama,drama
comedy,action
thriller,thriller
comedy,drama
horror,horror
drama,drama
drama,documentary
drama,drama
drama,drama
comedy,drama
drama,thriller
romance,comedy
comedy,drama
reality-tv,documentary
drama,drama
comedy,drama
documentary,documentary
short,short
drama,drama
horror,thriller
drama,drama
documentary,documentary
reality-tv,documentary
documentary,documentary
documentary,adult
drama,drama
mystery,thriller
documentary,documentary
documentary,documentary
fantasy,comedy
crime,thriller
action,thriller
drama,drama
drama,drama
reality-tv,documentary
drama,documentary
drama,comedy
sci-fi,horror
romance,drama
documentary,documentary
drama,documentary
documentary,documentary
drama,drama
adventure,adventure
documentary,documentary
short,short
thriller,drama
documentary,documentary
comedy,drama
comedy,drama
documentary,documentary
comedy,drama
comedy,drama
documentary,drama
drama,drama
documentary,documentary
documentary,documentary
action,horror
documentary,documentary
action,drama
thriller,documentary
documentary,drama
short,documentary
mystery,crime
drama,comedy
comedy,comedy
western,western
drama,drama
history,talk-show
drama,drama
documentary,documentary
drama,drama
documentary,documentary
documentary,drama
short,drama
drama,drama
comedy,documentary
family,reality-tv
comedy,comedy
documentary,documentary
comedy,comedy
romance,drama
mystery,short
documentary,drama
documentary,documentary
drama,drama
drama,drama
adult,drama
documentary,news
drama,drama
drama,drama
animation,documentary
reality-tv,documentary
documentary,documentary
short,romance
romance,drama
comedy,documentary
reality-tv,comedy
drama,drama
documentary,documentary
short,drama
short,documentary
documentary,documentary
thriller,horror
horror,comedy
drama,drama
romance,drama
drama,drama
documentary,documentary
talk-show,comedy
documentary,documentary
documentary,documentary
drama,drama
drama,short
crime,drama
comedy,comedy
documentary,documentary
sport,sport
drama,drama
drama,drama
documentary,documentary
drama,drama
action,action
drama,drama
drama,documentary
comedy,comedy
thriller,drama
comedy,comedy
drama,drama
drama,drama
drama,drama
drama,short
comedy,comedy
reality-tv,documentary
thriller,drama
documentary,documentary
biography,documentary
drama,drama
drama,drama
talk-show,documentary
documentary,documentary
horror,thriller
family,short
thriller,thriller
action,drama
drama,drama
comedy,comedy
documentary,documentary
drama,drama
horror,horror
short,short
documentary,drama
drama,drama
adventure,adventure
drama,drama
drama,comedy
thriller,comedy
musical,comedy
short,short
documentary,documentary
drama,drama
drama,drama
comedy,comedy
romance,comedy
music,documentary
drama,drama
documentary,comedy
animation,documentary
animation,drama
drama,drama
thriller,comedy
drama,drama
drama,thriller
drama,comedy
documentary,documentary
documentary,documentary
drama,drama
sci-fi,short
horror,horror
music,music
comedy,comedy
comedy,comedy
drama,drama
documentary,drama
thriller,thriller
drama,drama
comedy,drama
comedy,comedy
comedy,comedy
documentary,documentary
comedy,comedy
documentary,documentary
animation,animation
documentary,documentary
drama,drama
animation,animation
short,short
documentary,documentary
documentary,documentary
short,drama
documentary,documentary
documentary,short
drama,drama
romance,drama
romance,drama
drama,drama
comedy,comedy
comedy,comedy
short,documentary
music,short
documentary,documentary
reality-tv,comedy
western,western
drama,drama
drama,documentary
drama,drama
drama,comedy
sci-fi,comedy
animation,animation
documentary,documentary
comedy,comedy
documentary,documentary
documentary,drama
documentary,documentary
action,action
sport,documentary
documentary,reality-tv
documentary,documentary
animation,documentary
short,comedy
drama,drama
documentary,documentary
romance,drama
drama,drama
drama,drama
documentary,documentary
comedy,drama
documentary,documentary
documentary,documentary
thriller,thriller
comedy,drama
action,action
documentary,documentary
music,family
crime,crime
documentary,action
music,music
drama,drama
drama,drama
comedy,comedy
drama,drama
comedy,drama
documentary,documentary
short,short
documentary,documentary
music,documentary
comedy,drama
short,documentary
drama,documentary
music,music
short,drama
comedy,drama
comedy,comedy
documentary,documentary
drama,drama
comedy,documentary
short,short
short,documentary
musical,drama
documentary,documentary
documentary,documentary
drama,drama
thriller,drama
mystery,comedy
drama,drama
comedy,drama
family,family
thriller,documentary
adventure,adventure
documentary,drama
documentary,documentary
drama,drama
horror,drama
drama,documentary
documentary,documentary
documentary,documentary
drama,comedy
documentary,documentary
reality-tv,comedy
horror,comedy
sci-fi,mystery
documentary,documentary
family,documentary
sport,documentary
drama,drama
western,western
drama,documentary
comedy,comedy
drama,drama
documentary,documentary
drama,drama
reality-tv,documentary
sci-fi,documentary
drama,drama
short,comedy
drama,drama
short,drama
thriller,drama
short,drama
reality-tv,reality-tv
action,action
short,comedy
comedy,action
comedy,drama
western,western
music,short
action,action
western,western
short,short
drama,drama
documentary,documentary
drama,drama
adventure,adventure
comedy,comedy
drama,drama
documentary,short
drama,drama
comedy,adult
comedy,drama
documentary,documentary
news,documentary
horror,horror
documentary,documentary
drama,drama
comedy,comedy
crime,drama
short,comedy
history,comedy
documentary,comedy
horror,horror
documentary,documentary
documentary,documentary
short,comedy
documentary,documentary
drama,drama
horror,horror
action,drama
drama,drama
action,action
music,documentary
documentary,documentary
drama,drama
drama,drama
drama,short
drama,drama
horror,horror
drama,musical
documentary,drama
western,western
documentary,documentary
family,documentary
documentary,documentary
drama,documentary
crime,documentary
drama,drama
comedy,short
comedy,comedy
drama,comedy
drama,drama
comedy,short
drama,fantasy
drama,drama
horror,horror
horror,drama
comedy,comedy
comedy,comedy
music,music
action,drama
documentary,documentary
mystery,thriller
horror,horror
documentary,documentary
comedy,documentary
adult,adult
drama,short
horror,drama
western,western
crime,thriller
comedy,comedy
adventure,adventure
drama,drama
music,music
sport,documentary
comedy,comedy
horror,horror
comedy,comedy
documentary,short
romance,drama
documentary,short
drama,drama
horror,drama
action,comedy
action,drama
drama,reality-tv
drama,drama
documentary,documentary
drama,drama
animation,family
documentary,documentary
drama,drama
drama,drama
documentary,documentary
comedy,short
documentary,documentary
drama,drama
drama,drama
drama,drama
animation,drama
documentary,short
drama,documentary
drama,comedy
documentary,documentary
adventure,short
documentary,documentary
adventure,sport
drama,drama
drama,drama
animation,drama
comedy,drama
drama,drama
documentary,documentary
drama,comedy
drama,drama
drama,drama
comedy,comedy
western,drama
documentary,drama
drama,drama
documentary,documentary
documentary,documentary
western,western
drama,comedy
drama,drama
documentary,documentary
drama,drama
documentary,documentary
thriller,short
drama,drama
action,action
comedy,drama
short,drama
documentary,documentary
documentary,documentary
comedy,comedy
horror,horror
romance,drama
short,drama
comedy,comedy
music,documentary
drama,short
documentary,documentary
comedy,documentary
drama,drama
documentary,documentary
drama,drama
comedy,drama
romance,comedy
drama,drama
comedy,comedy
documentary,documentary
fantasy,horror
drama,drama
drama,documentary
adult,adult
drama,drama
action,drama
sport,action
drama,drama
documentary,music
thriller,thriller
action,action
documentary,documentary
short,drama
music,music
documentary,documentary
documentary,documentary
comedy,drama
adventure,reality-tv
comedy,comedy
documentary,documentary
comedy,family
horror,horror
documentary,drama
horror,comedy
short,short
documentary,documentary
mystery,thriller
thriller,action
drama,drama
comedy,comedy
drama,comedy
documentary,documentary
documentary,documentary
documentary,documentary
documentary,documentary
reality-tv,reality-tv
comedy,drama
documentary,drama
documentary,comedy
documentary,documentary
documentary,documentary
comedy,comedy
short,horror
documentary,documentary
drama,drama
drama,comedy
documentary,documentary
documentary,documentary
action,drama
comedy,comedy
comedy,comedy
comedy,documentary
comedy,comedy
music,documentary
drama,drama
drama,drama
short,drama
reality-tv,documentary
horror,horror
music,drama
comedy,comedy
action,horror
documentary,documentary
documentary,short
drama,drama
drama,comedy
action,sport
comedy,comedy
drama,drama
drama,drama
short,short
comedy,comedy
western,western
adventure,family
short,drama
comedy,comedy
horror,drama
comedy,comedy
comedy,drama
horror,documentary
thriller,drama
western,western
short,animation
drama,drama
war,war
talk-show,drama
comedy,comedy
short,documentary
comedy,comedy
thriller,thriller
music,comedy
documentary,short
comedy,comedy
short,short
romance,drama
horror,short
short,documentary
short,documentary
short,short
comedy,comedy
comedy,comedy
crime,drama
documentary,documentary
thriller,drama
drama,drama
documentary,drama
documentary,documentary
documentary,documentary
documentary,drama
drama,action
short,drama
documentary,documentary
comedy,drama
horror,horror
documentary,documentary
documentary,documentary
drama,drama
drama,drama
documentary,documentary
drama,drama
drama,drama
romance,drama
drama,drama
documentary,documentary
documentary,short
drama,drama
adventure,sci-fi
documentary,documentary
documentary,documentary
comedy,comedy
drama,short
comedy,comedy
horror,thriller
documentary,short
comedy,comedy
drama,drama
documentary,short
action,animation
drama,drama
documentary,documentary
documentary,documentary
documentary,documentary
short,adult
reality-tv,documentary
comedy,drama
documentary,documentary
documentary,documentary
horror,horror
comedy,comedy
drama,documentary
drama,drama
family,talk-show
horror,comedy
western,drama
drama,drama
drama,action
drama,drama
drama,documentary
documentary,short
documentary,drama
drama,western
thriller,comedy
drama,drama
documentary,drama
documentary,documentary
drama,drama
documentary,documentary
documentary,documentary
action,action
action,drama
action,comedy
documentary,documentary
drama,drama
sport,sport
horror,horror
comedy,adult
short,documentary
horror,short
documentary,documentary
documentary,documentary
drama,drama
drama,drama
sport,short
documentary,documentary
drama,drama
comedy,documentary
short,comedy
documentary,documentary
comedy,comedy
drama,documentary
documentary,documentary
drama,drama
documentary,documentary
reality-tv,documentary
drama,drama
drama,drama
comedy,drama
drama,comedy
comedy,comedy
western,western
horror,horror
drama,drama
documentary,documentary
documentary,documentary
drama,drama
reality-tv,documentary
game-show,sport
sci-fi,sci-fi
adventure,documentary
documentary,documentary
adventure,thriller
horror,horror
documentary,documentary
western,western
comedy,drama
drama,documentary
animation,horror
documentary,documentary
animation,comedy
adult,comedy
reality-tv,reality-tv
short,short
short,short
action,adventure
documentary,documentary
comedy,comedy
documentary,documentary
mystery,drama
drama,drama
documentary,documentary
short,comedy
documentary,documentary
action,action
documentary,documentary
horror,horror
short,documentary
mystery,drama
documentary,documentary
comedy,comedy
documentary,documentary
horror,horror
drama,drama
documentary,documentary
drama,drama
short,documentary
short,drama
comedy,comedy
drama,documentary
sci-fi,sci-fi
crime,drama
comedy,comedy
documentary,short
horror,horror
sci-fi,documentary
drama,thriller
adult,comedy
documentary,documentary
comedy,comedy
drama,documentary
drama,drama
drama,drama
documentary,documentary
drama,drama
short,short
drama,short
sport,sport
biography,documentary
drama,documentary
drama,drama
short,short
drama,drama
comedy,comedy
comedy,drama
musical,drama
short,short
comedy,comedy
drama,drama
mystery,horror
short,documentary
drama,drama
family,family
thriller,thriller
drama,drama
documentary,drama
drama,drama
thriller,thriller
short,short
drama,drama
comedy,drama
drama,drama
drama,drama
documentary,drama
documentary,documentary
comedy,comedy
drama,drama
short,short
adventure,comedy
action,action
comedy,comedy
drama,drama
drama,action
talk-show,documentary
adult,adult
documentary,documentary
adult,drama
comedy,drama
action,romance
reality-tv,reality-tv
short,comedy
documentary,documentary
short,drama
drama,comedy
comedy,comedy
short,short
thriller,documentary
documentary,documentary
horror,horror
drama,comedy
drama,drama
crime,drama
documentary,reality-tv
documentary,drama
drama,drama
documentary,documentary
comedy,drama
reality-tv,reality-tv
drama,drama
documentary,documentary
adult,short
comedy,comedy
documentary,short
drama,drama
short,short
drama,drama
comedy,comedy
drama,drama
short,short
documentary,comedy
thriller,animation
drama,drama
drama,drama
romance,drama
documentary,documentary
reality-tv,documentary
fantasy,sci-fi
comedy,comedy
adventure,documentary
drama,drama
short,drama
drama,drama
documentary,documentary
drama,drama
action,action
drama,drama
drama,documentary
drama,drama
short,short
family,comedy
documentary,documentary
short,short
documentary,documentary
drama,drama
thriller,drama
short,short
comedy,comedy
horror,horror
action,drama
documentary,documentary
drama,short
comedy,drama
short,comedy
documentary,drama
comedy,drama
documentary,documentary
documentary,documentary
documentary,documentary
drama,short
documentary,documentary
adventure,adventure
drama,comedy
drama,fantasy
drama,short
horror,drama
crime,drama
documentary,documentary
news,short
documentary,documentary
drama,drama
comedy,drama
talk-show,talk-show
family,drama
action,action
drama,drama
documentary,documentary
drama,drama
drama,drama
documentary,documentary
drama,drama
comedy,short
drama,drama
drama,drama
short,documentary
drama,drama
drama,short
adventure,horror
documentary,documentary
comedy,drama
thriller,thriller
documentary,drama
comedy,comedy
action,action
comedy,thriller
drama,drama
musical,drama
musical,musical
drama,comedy
documentary,documentary
family,drama
short,drama
documentary,documentary
comedy,comedy
documentary,documentary
thriller,drama
documentary,documentary
drama,drama
drama,drama
documentary,documentary
drama,drama
short,documentary
documentary,documentary
action,drama
documentary,documentary
thriller,comedy
thriller,short
comedy,drama
fantasy,drama
drama,drama
drama,short
documentary,documentary
drama,drama
talk-show,reality-tv
drama,comedy
drama,drama
thriller,horror
documentary,documentary
comedy,comedy
animation,animation
horror,horror
horror,comedy
horror,horror
thriller,horror
documentary,documentary
documentary,documentary
drama,documentary
comedy,comedy
comedy,drama
biography,comedy
documentary,documentary
comedy,comedy
comedy,comedy
drama,drama
drama,drama
adventure,adventure
sport,documentary
crime,comedy
sci-fi,sci-fi
music,music
documentary,documentary
documentary,documentary
adult,comedy
drama,drama
comedy,comedy
documentary,documentary
drama,short
drama,drama
drama,drama
drama,drama
short,comedy
drama,drama
crime,drama
documentary,documentary
drama,drama
drama,documentary
drama,documentary
documentary,documentary
western,western
documentary,documentary
western,western
action,action
drama,drama
drama,drama
documentary,comedy
drama,drama
documentary,documentary
documentary,documentary
comedy,drama
short,short
reality-tv,talk-show
horror,horror
comedy,comedy
adult,comedy
news,documentary
adult,adult
comedy,drama
western,western
documentary,documentary
documentary,documentary
comedy,comedy
short,horror
news,talk-show
drama,drama
documentary,documentary
comedy,comedy
short,short
comedy,romance
documentary,documentary
sport,sport
action,action
comedy,drama
drama,documentary
documentary,documentary
comedy,drama
comedy,short
reality-tv,documentary
documentary,documentary
music,comedy
drama,drama
documentary,documentary
drama,drama
drama,drama
war,short
western,western
horror,drama
documentary,documentary
comedy,drama
comedy,drama
documentary,documentary
documentary,documentary
drama,drama
reality-tv,documentary
game-show,documentary
horror,horror
documentary,documentary
thriller,drama
reality-tv,reality-tv
drama,drama
thriller,drama
comedy,comedy
drama,drama
drama,drama
adult,horror
short,short
action,action
documentary,documentary
documentary,documentary
short,documentary
thriller,thriller
documentary,adventure
action,action
romance,drama
drama,drama
thriller,drama
documentary,documentary
action,action
drama,drama
short,drama
drama,drama
documentary,documentary
documentary,sci-fi
documentary,documentary
drama,drama
short,comedy
western,western
drama,drama
documentary,documentary
documentary,documentary
comedy,comedy
documentary,documentary
romance,romance
music,music
comedy,drama
documentary,documentary
short,drama
thriller,horror
comedy,crime
documentary,documentary
drama,drama
comedy,family
documentary,documentary
comedy,comedy
documentary,documentary
drama,drama
music,music
documentary,documentary
comedy,documentary
horror,comedy
comedy,short
mystery,comedy
reality-tv,reality-tv
adventure,action
drama,drama
documentary,documentary
short,drama
comedy,comedy
horror,horror
comedy,drama
documentary,documentary
adventure,adventure
music,music
documentary,music
documentary,documentary
short,drama
drama,drama
documentary,documentary
drama,drama
drama,drama
documentary,documentary
documentary,drama
game-show,game-show
comedy,drama
documentary,documentary
drama,drama
reality-tv,short
drama,documentary
horror,comedy
sci-fi,drama
documentary,documentary
documentary,documentary
documentary,documentary
comedy,drama
comedy,comedy
short,short
drama,drama
music,music
drama,drama
comedy,comedy
comedy,drama
sport,documentary
drama,drama
drama,drama
comedy,drama
drama,drama
sport,sport
documentary,documentary
documentary,short
comedy,comedy
drama,drama
drama,drama
comedy,drama
animation,animation
short,short
short,comedy
drama,drama
comedy,comedy
drama,drama
short,family
documentary,drama
comedy,documentary
comedy,comedy
thriller,drama
documentary,documentary
comedy,comedy
comedy,comedy
horror,horror
documentary,documentary
drama,drama
comedy,drama
drama,drama
documentary,documentary
comedy,comedy
documentary,documentary
drama,drama
short,drama
drama,comedy
biography,documentary
horror,horror
history,reality-tv
comedy,drama
documentary,documentary
drama,drama
short,short
horror,horror
drama,short
romance,horror
documentary,documentary
drama,comedy
documentary,documentary
fantasy,fantasy
documentary,documentary
action,action
short,short
comedy,comedy
history,documentary
drama,drama
drama,drama
documentary,documentary
drama,drama
short,documentary
action,action
documentary,documentary
drama,comedy
thriller,drama
documentary,documentary
western,western
drama,drama
comedy,comedy
horror,horror
short,short
action,drama
action,short
drama,drama
documentary,documentary
drama,drama
documentary,documentary
action,drama
short,documentary
drama,drama
documentary,documentary
history,documentary
drama,drama
history,documentary
comedy,comedy
comedy,comedy
documentary,documentary
documentary,documentary
drama,drama
documentary,documentary
drama,drama
short,comedy
comedy,drama
fantasy,horror
drama,drama
action,romance
short,horror
short,drama
adult,short
documentary,documentary
documentary,documentary
horror,horror
drama,drama
drama,drama
western,western
comedy,comedy
drama,drama
documentary,short
comedy,comedy
comedy,short
drama,drama
documentary,documentary
family,horror
short,short
documentary,documentary
drama,comedy
short,documentary
horror,horror
drama,comedy
comedy,drama
documentary,documentary
documentary,drama
documentary,documentary
drama,drama
game-show,reality-tv
documentary,documentary
documentary,documentary
short,documentary
comedy,comedy
drama,drama
documentary,documentary
documentary,documentary
short,thriller
documentary,drama
documentary,documentary
drama,documentary
comedy,drama
music,music
comedy,drama
sport,sport
drama,drama
drama,drama
short,documentary
short,short
news,documentary
action,action
comedy,drama
short,drama
documentary,documentary
comedy,comedy
documentary,drama
drama,comedy
drama,drama
short,drama
talk-show,documentary
action,sport
documentary,documentary
documentary,drama
thriller,thriller
documentary,drama
documentary,documentary
drama,drama
drama,drama
drama,drama
comedy,comedy
documentary,documentary
comedy,drama
biography,documentary
action,action
comedy,drama
action,drama
documentary,documentary
drama,comedy
documentary,documentary
drama,drama
comedy,drama
documentary,documentary
drama,drama
reality-tv,documentary
music,music
drama,drama
thriller,drama
thriller,thriller
adult,adult
biography,comedy
drama,drama
fantasy,drama
music,documentary
short,drama
drama,drama
documentary,documentary
drama,drama
documentary,documentary
action,action
drama,drama
drama,drama
comedy,comedy
drama,comedy
drama,drama
documentary,documentary
drama,drama
drama,drama
documentary,drama
crime,documentary
comedy,drama
documentary,documentary
comedy,comedy
documentary,documentary
comedy,drama
thriller,drama
mystery,horror
documentary,documentary
animation,drama
short,thriller
horror,horror
horror,horror
drama,drama
documentary,documentary
comedy,comedy
drama,drama
crime,comedy
documentary,documentary
short,short
drama,drama
documentary,drama
game-show,game-show
documentary,documentary
documentary,documentary
comedy,comedy
documentary,documentary
comedy,drama
short,documentary
documentary,drama
action,thriller
short,short
drama,drama
drama,drama
drama,drama
documentary,adult
documentary,documentary
horror,horror
drama,drama
family,family
documentary,documentary
drama,drama
thriller,horror
documentary,documentary
drama,comedy
documentary,documentary
thriller,drama
drama,drama
documentary,documentary
drama,comedy
music,documentary
adventure,comedy
short,short
drama,drama
documentary,comedy
documentary,documentary
western,drama
documentary,documentary
western,western
documentary,documentary
documentary,documentary
drama,drama
short,documentary
family,talk-show
documentary,documentary
drama,thriller
comedy,drama
sci-fi,sci-fi
thriller,thriller
documentary,documentary
news,documentary
drama,drama
documentary,documentary
documentary,documentary
documentary,documentary
adventure,drama
horror,drama
drama,drama
horror,horror
documentary,documentary
documentary,documentary
short,drama
horror,horror
drama,drama
horror,horror
short,short
drama,drama
drama,drama
documentary,documentary
sport,sport
adult,comedy
comedy,comedy
sci-fi,horror
western,comedy
drama,action
drama,drama
documentary,documentary
documentary,documentary
drama,drama
horror,horror
comedy,comedy
history,documentary
comedy,drama
short,documentary
drama,drama
action,drama
documentary,documentary
thriller,horror
short,short
documentary,documentary
drama,drama
short,documentary
drama,documentary
action,action
documentary,documentary
documentary,documentary
drama,short
drama,drama
comedy,comedy
documentary,documentary
documentary,documentary
drama,drama
adventure,drama
drama,documentary
drama,drama
documentary,documentary
documentary,documentary
short,short
western,western
documentary,documentary
documentary,documentary
documentary,documentary
documentary,documentary
family,comedy
documentary,documentary
action,comedy
documentary,documentary
drama,drama
drama,drama
drama,thriller
drama,drama
drama,documentary
documentary,drama
drama,drama
action,action
documentary,documentary
music,documentary
comedy,drama
drama,drama
comedy,talk-show
documentary,documentary
horror,action
documentary,documentary
comedy,comedy
comedy,drama
documentary,documentary
music,music
family,horror
documentary,drama
drama,drama
documentary,documentary
western,western
drama,documentary
drama,drama
horror,horror
drama,drama
comedy,comedy
documentary,documentary
drama,drama
sport,sport
drama,drama
drama,drama
documentary,short
comedy,drama
mystery,drama
action,action
adventure,short
drama,documentary
documentary,drama
documentary,documentary
documentary,documentary
drama,drama
drama,drama
drama,documentary
comedy,comedy
short,comedy
comedy,drama
documentary,documentary
comedy,drama
drama,documentary
drama,short
drama,drama
action,action
documentary,documentary
comedy,comedy
drama,drama
comedy,drama
drama,drama
crime,horror
drama,drama
comedy,drama
documentary,documentary
adventure,horror
comedy,drama
western,talk-show
drama,drama
drama,drama
adventure,adult
sci-fi,documentary
sci-fi,sci-fi
documentary,documentary
short,comedy
animation,short
documentary,documentary
documentary,short
short,music
comedy,comedy
documentary,documentary
news,documentary
drama,documentary
adult,drama
documentary,documentary
short,drama
western,western
comedy,documentary
documentary,documentary
horror,horror
music,music
drama,drama
comedy,comedy
documentary,documentary
action,thriller
documentary,documentary
mystery,thriller
comedy,drama
horror,horror
drama,drama
horror,horror
documentary,documentary
adult,documentary
music,music
short,drama
documentary,documentary
horror,horror
short,documentary
comedy,short
short,comedy
comedy,short
horror,drama
documentary,documentary
drama,drama
action,comedy
comedy,drama
adventure,sci-fi
documentary,documentary
drama,drama
family,drama
comedy,comedy
horror,horror
romance,comedy
horror,horror
comedy,comedy
documentary,documentary
thriller,thriller
horror,drama
adventure,thriller
drama,drama
drama,documentary
documentary,documentary
short,short
comedy,comedy
drama,drama
documentary,documentary
family,drama
comedy,comedy
drama,comedy
comedy,short
comedy,comedy
thriller,adventure
western,western
animation,comedy
documentary,documentary
documentary,documentary
documentary,documentary
documentary,documentary
documentary,documentary
comedy,comedy
drama,drama
drama,drama
documentary,documentary
documentary,documentary
drama,drama
drama,drama
western,western
documentary,short
documentary,documentary
family,comedy
comedy,comedy
short,comedy
documentary,documentary
drama,comedy
drama,comedy
adult,adult
documentary,documentary
comedy,comedy
sport,documentary
documentary,documentary
comedy,comedy
drama,drama
drama,sci-fi
adventure,adventure
comedy,comedy
drama,drama
comedy,comedy
short,drama
drama,drama
comedy,talk-show
documentary,documentary
drama,drama
drama,drama
comedy,comedy
short,documentary
horror,horror
comedy,comedy
drama,comedy
family,drama
drama,drama
comedy,western
drama,drama
sci-fi,documentary
animation,family
short,comedy
documentary,comedy
documentary,documentary
comedy,drama
drama,drama
documentary,documentary
drama,drama
action,action
thriller,action
comedy,comedy
reality-tv,reality-tv
drama,drama
documentary,documentary
romance,drama
documentary,documentary
music,documentary
short,short
drama,drama
drama,drama
action,drama
short,short
thriller,drama
drama,drama
documentary,documentary
western,drama
mystery,drama
drama,drama
drama,drama
comedy,action
western,comedy
drama,drama
drama,documentary
comedy,drama
short,drama
crime,comedy
short,short
documentary,documentary
romance,drama
drama,drama
drama,drama
comedy,drama
western,western
drama,drama
documentary,documentary
comedy,drama
documentary,comedy
drama,documentary
game-show,game-show
sport,sport
drama,drama
comedy,comedy
drama,short
horror,horror
thriller,drama
comedy,drama
documentary,drama
drama,drama
drama,drama
action,short
game-show,comedy
documentary,documentary
short,documentary
drama,drama
documentary,documentary
animation,comedy
short,drama
drama,drama
drama,comedy
western,drama
documentary,documentary
reality-tv,documentary
drama,drama
documentary,documentary
adult,short
short,short
drama,drama
sport,documentary
documentary,documentary
drama,drama
horror,drama
drama,drama
horror,documentary
drama,drama
sport,reality-tv
drama,drama
biography,documentary
documentary,documentary
short,drama
documentary,horror
comedy,comedy
drama,drama
short,documentary
sport,sport
drama,drama
short,drama
comedy,short
news,documentary
documentary,documentary
drama,drama
drama,drama
horror,horror
western,drama
documentary,short
documentary,documentary
crime,action
documentary,documentary
drama,drama
horror,horror
comedy,comedy
drama,fantasy
documentary,drama
drama,drama
drama,drama
comedy,comedy
documentary,drama
comedy,drama
short,drama
short,documentary
short,drama
comedy,drama
drama,drama
horror,horror
adventure,sci-fi
drama,drama
drama,drama
comedy,comedy
documentary,documentary
musical,music
drama,drama
horror,horror
comedy,drama
short,comedy
reality-tv,documentary
crime,comedy
horror,horror
short,documentary
drama,drama
drama,drama
reality-tv,documentary
comedy,drama
drama,drama
horror,drama
adventure,comedy
documentary,documentary
documentary,documentary
drama,drama
documentary,documentary
documentary,documentary
comedy,comedy
documentary,documentary
horror,music
western,western
documentary,documentary
drama,drama
documentary,documentary
documentary,documentary
drama,drama
comedy,comedy
family,comedy
thriller,thriller
horror,horror
news,comedy
animation,comedy
horror,horror
documentary,documentary
comedy,comedy
action,action
horror,horror
drama,drama
drama,drama
musical,drama
short,documentary
adult,adult
documentary,documentary
drama,drama
short,comedy
drama,drama
thriller,horror
reality-tv,reality-tv
short,short
short,comedy
comedy,drama
news,news
comedy,documentary
music,documentary
drama,drama
comedy,documentary
sci-fi,sci-fi
documentary,drama
comedy,comedy
drama,drama
short,drama
documentary,comedy
animation,family
reality-tv,documentary
drama,drama
adventure,drama
documentary,comedy
documentary,documentary
comedy,comedy
drama,drama
documentary,documentary
short,animation
documentary,documentary
reality-tv,documentary
documentary,documentary
family,western
comedy,comedy
documentary,documentary
documentary,documentary
comedy,comedy
drama,drama
documentary,documentary
short,short
horror,drama
thriller,drama
comedy,comedy
short,short
drama,short
comedy,comedy
documentary,documentary
sci-fi,short
drama,drama
drama,drama
thriller,drama
drama,comedy
comedy,comedy
short,documentary
short,documentary
comedy,comedy
drama,documentary
drama,short
documentary,documentary
comedy,drama
horror,horror
drama,drama
short,documentary
documentary,documentary
biography,documentary
drama,drama
documentary,documentary
drama,drama
reality-tv,documentary
talk-show,documentary
adult,drama
sci-fi,sci-fi
drama,drama
short,short
drama,drama
short,sci-fi
documentary,documentary
documentary,documentary
comedy,comedy
documentary,documentary
short,short
thriller,adult
adult,adult
romance,drama
drama,drama
drama,drama
drama,documentary
drama,drama
documentary,drama
documentary,documentary
documentary,documentary
comedy,comedy
adventure,short
music,documentary
documentary,comedy
comedy,comedy
adult,comedy
drama,drama
drama,documentary
documentary,documentary
short,comedy
drama,drama
documentary,documentary
documentary,documentary
horror,horror
comedy,comedy
documentary,documentary
short,drama
documentary,short
fantasy,action
documentary,documentary
action,drama
comedy,comedy
documentary,short
animation,documentary
adult,adult
drama,documentary
drama,drama
documentary,documentary
horror,horror
drama,drama
drama,drama
family,drama
comedy,comedy
documentary,documentary
comedy,comedy
documentary,drama
reality-tv,documentary
drama,drama
mystery,short
documentary,documentary
drama,drama
horror,horror
documentary,documentary
documentary,documentary
comedy,comedy
documentary,documentary
documentary,documentary
short,comedy
comedy,comedy
drama,drama
fantasy,sci-fi
documentary,documentary
drama,comedy
documentary,documentary
drama,drama
horror,horror
documentary,documentary
animation,sci-fi
documentary,documentary
drama,drama
documentary,documentary
history,documentary
documentary,documentary
drama,comedy
short,comedy
documentary,documentary
comedy,comedy
drama,drama
drama,drama
drama,drama
documentary,documentary
documentary,documentary
documentary,documentary
documentary,documentary
drama,drama
drama,comedy
thriller,action
documentary,documentary
horror,horror
documentary,documentary
drama,drama
action,comedy
history,documentary
sci-fi,horror
documentary,documentary
documentary,documentary
documentary,comedy
short,documentary
animation,short
short,short
crime,western
comedy,comedy
comedy,drama
documentary,documentary
drama,drama
documentary,documentary
documentary,drama
drama,drama
comedy,drama
drama,drama
thriller,documentary
comedy,drama
drama,drama
comedy,comedy
reality-tv,horror
drama,drama
comedy,drama
documentary,documentary
reality-tv,drama
reality-tv,reality-tv
documentary,documentary
documentary,documentary
thriller,drama
drama,drama
short,documentary
documentary,documentary
drama,drama
drama,drama
drama,drama
documentary,drama
action,action
reality-tv,talk-show
documentary,documentary
drama,horror
action,drama
thriller,drama
comedy,comedy
comedy,short
adult,adult
sci-fi,comedy
drama,drama
documentary,documentary
game-show,comedy
documentary,documentary
short,short
reality-tv,reality-tv
drama,comedy
animation,drama
drama,drama
documentary,documentary
comedy,comedy
comedy,documentary
romance,drama
music,music
drama,drama
western,western
documentary,documentary
mystery,horror
documentary,documentary
drama,drama
documentary,documentary
biography,drama
documentary,drama
documentary,drama
sport,sport
drama,documentary
comedy,drama
western,western
documentary,documentary
comedy,comedy
documentary,documentary
comedy,comedy
documentary,documentary
documentary,documentary
drama,drama
short,documentary
drama,drama
drama,drama
comedy,documentary
family,drama
drama,drama
reality-tv,documentary
documentary,documentary
drama,drama
thriller,drama
drama,drama
comedy,drama
drama,documentary
documentary,documentary
western,western
documentary,sport
animation,comedy
drama,drama
reality-tv,comedy
drama,drama
drama,drama
drama,drama
comedy,comedy
documentary,documentary
documentary,documentary
adventure,adventure
comedy,comedy
comedy,action
documentary,documentary
action,short
documentary,documentary
documentary,documentary
comedy,drama
drama,drama
drama,drama
adult,drama
short,short
documentary,documentary
western,western
comedy,thriller
drama,comedy
short,comedy
documentary,documentary
documentary,documentary
drama,short
drama,documentary
documentary,documentary
drama,drama
drama,drama
short,comedy
comedy,drama
documentary,documentary
western,western
drama,drama
western,western
drama,drama
comedy,drama
documentary,documentary
comedy,comedy
thriller,thriller
drama,drama
comedy,animation
comedy,comedy
romance,comedy
documentary,documentary
horror,horror
documentary,documentary
documentary,short
horror,horror
comedy,drama
documentary,documentary
news,comedy
documentary,reality-tv
documentary,documentary
adult,adult
news,short
action,drama
action,adventure
documentary,documentary
short,comedy
action,action
documentary,drama
documentary,horror
documentary,documentary
drama,drama
drama,drama
documentary,documentary
drama,drama
short,short
adventure,western
drama,drama
drama,drama
comedy,drama
horror,documentary
documentary,adventure
drama,drama
comedy,comedy
horror,horror
horror,drama
documentary,documentary
drama,reality-tv
adventure,drama
action,action
comedy,comedy
horror,horror
drama,drama
drama,drama
comedy,drama
documentary,documentary
drama,drama
documentary,documentary
drama,drama
thriller,horror
sport,sport
drama,drama
drama,drama
drama,drama
comedy,documentary
short,documentary
comedy,horror
short,drama
documentary,documentary
drama,drama
thriller,sci-fi
thriller,comedy
drama,horror
drama,drama
drama,short
documentary,comedy
music,short
short,documentary
documentary,documentary
short,comedy
drama,documentary
adult,adult
thriller,comedy
documentary,documentary
documentary,documentary
action,drama
thriller,thriller
short,documentary
documentary,documentary
drama,drama
drama,drama
drama,drama
comedy,drama
drama,drama
short,short
horror,drama
documentary,documentary
drama,drama
comedy,comedy
documentary,documentary
documentary,documentary
drama,comedy
comedy,comedy
documentary,documentary
documentary,documentary
documentary,drama
comedy,drama
musical,music
documentary,documentary
documentary,drama
drama,drama
thriller,horror
documentary,documentary
comedy,comedy
documentary,documentary
action,adventure
short,documentary
thriller,horror
comedy,documentary
documentary,documentary
documentary,documentary
drama,documentary
horror,comedy
horror,horror
documentary,documentary
drama,comedy
comedy,comedy
sci-fi,sci-fi
documentary,documentary
horror,short
comedy,drama
documentary,short
mystery,horror
drama,drama
action,horror
western,drama
comedy,comedy
action,romance
reality-tv,drama
drama,drama
drama,drama
short,short
comedy,comedy
drama,documentary
drama,drama
documentary,documentary
animation,drama
documentary,documentary
talk-show,talk-show
documentary,documentary
crime,drama
short,comedy
family,drama
drama,drama
western,adventure
western,western
documentary,documentary
documentary,documentary
comedy,short
documentary,documentary
short,documentary
sport,documentary
adult,comedy
drama,drama
documentary,documentary
crime,documentary
comedy,reality-tv
documentary,documentary
musical,adventure
documentary,documentary
documentary,documentary
comedy,drama
comedy,comedy
drama,drama
adventure,thriller
drama,drama
game-show,documentary
short,comedy
western,western
comedy,comedy
drama,drama
documentary,documentary
short,comedy
short,horror
adult,action
sci-fi,sci-fi
documentary,short
drama,drama
drama,drama
documentary,drama
drama,drama
comedy,documentary
documentary,documentary
drama,drama
short,short
documentary,documentary
family,documentary
documentary,documentary
western,western
documentary,documentary
drama,comedy
fantasy,sci-fi
documentary,documentary
thriller,comedy
documentary,documentary
short,comedy
comedy,documentary
short,drama
comedy,comedy
sci-fi,thriller
reality-tv,romance
adult,adult
documentary,documentary
drama,drama
short,drama
short,documentary
documentary,documentary
adult,adult
drama,comedy
sport,documentary
documentary,documentary
short,drama
comedy,comedy
documentary,documentary
thriller,action
documentary,documentary
documentary,documentary
documentary,documentary
drama,drama
drama,drama
short,drama
drama,drama
documentary,documentary
drama,family
documentary,documentary
sci-fi,drama
drama,comedy
drama,documentary
music,music
short,comedy
short,documentary
comedy,comedy
documentary,comedy
history,documentary
documentary,documentary
drama,drama
drama,drama
documentary,documentary
documentary,documentary
drama,drama
drama,drama
fantasy,short
sport,documentary
documentary,horror
adventure,adventure
action,documentary
comedy,comedy
documentary,documentary
drama,drama
family,comedy
drama,drama
animation,sci-fi
comedy,comedy
short,short
documentary,documentary
romance,drama
thriller,horror
horror,drama
thriller,thriller
documentary,drama
biography,documentary
comedy,drama
documentary,documentary
talk-show,documentary
documentary,documentary
short,documentary
action,action
adult,adult
drama,drama
drama,drama
documentary,documentary
thriller,horror
comedy,comedy
documentary,short
drama,drama
documentary,documentary
thriller,drama
romance,drama
family,documentary
documentary,documentary
comedy,comedy
comedy,comedy
drama,documentary
fantasy,drama
comedy,drama
drama,documentary
documentary,drama
drama,drama
thriller,short
drama,comedy
drama,drama
thriller,thriller
short,short
sci-fi,short
drama,drama
short,documentary
sport,documentary
drama,drama
documentary,documentary
documentary,documentary
comedy,comedy
drama,comedy
documentary,comedy
documentary,documentary
documentary,action
drama,drama
crime,horror
drama,sci-fi
documentary,documentary
comedy,documentary
documentary,documentary
documentary,documentary
drama,short
drama,sci-fi
short,short
short,drama
documentary,documentary
thriller,drama
documentary,documentary
documentary,documentary
comedy,comedy
short,documentary
comedy,comedy
documentary,documentary
drama,comedy
documentary,documentary
short,documentary
drama,drama
drama,drama
drama,drama
comedy,comedy
documentary,documentary
documentary,documentary
drama,drama
documentary,documentary
drama,drama
adult,comedy
documentary,documentary
horror,horror
documentary,documentary
drama,drama
short,short
drama,drama
drama,drama
drama,drama
documentary,documentary
comedy,comedy
thriller,drama
drama,documentary
documentary,documentary
documentary,adult
drama,drama
documentary,documentary
documentary,documentary
drama,drama
short,drama
fantasy,drama
news,drama
comedy,drama
short,comedy
comedy,drama
documentary,documentary
drama,drama
drama,comedy
documentary,documentary
thriller,horror
drama,drama
drama,drama
comedy,horror
drama,drama
documentary,documentary
drama,drama
documentary,documentary
crime,drama
documentary,documentary
drama,drama
short,short
drama,drama
drama,documentary
family,comedy
drama,drama
reality-tv,documentary
drama,short
drama,drama
comedy,comedy
comedy,comedy
short,short
western,drama
comedy,comedy
sci-fi,sci-fi
short,documentary
romance,action
horror,horror
romance,comedy
action,adventure
mystery,action
comedy,comedy
comedy,drama
documentary,documentary
drama,short
documentary,documentary
documentary,documentary
adult,adult
comedy,drama
western,western
documentary,documentary
music,music
animation,drama
documentary,music
drama,documentary
drama,drama
reality-tv,reality-tv
drama,drama
documentary,drama
documentary,reality-tv
documentary,documentary
comedy,comedy
short,short
drama,drama
documentary,documentary
comedy,comedy
short,documentary
documentary,documentary
drama,drama
documentary,documentary
documentary,short
adventure,adventure
horror,comedy
documentary,documentary
biography,documentary
crime,thriller
animation,drama
romance,drama
documentary,documentary
documentary,documentary
documentary,documentary
short,short
documentary,documentary
western,western
thriller,drama
drama,drama
reality-tv,documentary
comedy,horror
western,western
family,comedy
documentary,documentary
drama,documentary
thriller,drama
thriller,documentary
thriller,comedy
short,documentary
drama,drama
thriller,drama
drama,documentary
documentary,documentary
documentary,documentary
comedy,comedy
documentary,documentary
comedy,comedy
comedy,comedy
documentary,documentary
drama,crime
documentary,documentary
short,drama
short,documentary
short,comedy
short,documentary
family,short
documentary,documentary
adventure,documentary
drama,drama
drama,drama
talk-show,documentary
horror,action
drama,drama
short,documentary
horror,horror
comedy,comedy
documentary,documentary
drama,drama
action,short
documentary,documentary
drama,drama
comedy,comedy
drama,documentary
drama,drama
adventure,documentary
action,action
short,drama
horror,horror
documentary,short
documentary,documentary
documentary,documentary
drama,drama
drama,drama
documentary,documentary
crime,documentary
documentary,documentary
drama,drama
drama,documentary
drama,drama
fantasy,drama
music,music
documentary,documentary
documentary,documentary
documentary,documentary
short,short
documentary,short
short,short
documentary,documentary
drama,drama
comedy,comedy
drama,short
drama,drama
documentary,drama
documentary,documentary
biography,drama
crime,drama
drama,documentary
documentary,documentary
thriller,thriller
drama,drama
drama,drama
documentary,documentary
documentary,documentary
action,action
romance,drama
documentary,documentary
documentary,documentary
family,comedy
documentary,documentary
drama,drama
short,short
drama,drama
musical,comedy
music,music
drama,drama
documentary,documentary
drama,drama
drama,drama
documentary,documentary
action,drama
short,documentary
comedy,comedy
drama,drama
drama,short
thriller,drama
romance,comedy
documentary,documentary
adventure,drama
horror,horror
drama,comedy
war,documentary
horror,horror
news,news
drama,documentary
documentary,documentary
drama,drama
music,comedy
drama,drama
documentary,documentary
documentary,documentary
reality-tv,documentary
drama,drama
documentary,documentary
documentary,documentary
drama,drama
drama,thriller
short,drama
documentary,documentary
comedy,comedy
drama,drama
history,documentary
documentary,documentary
documentary,documentary
short,drama
drama,drama
documentary,documentary
adult,mystery
documentary,documentary
documentary,documentary
comedy,comedy
animation,horror
drama,drama
documentary,documentary
short,drama
documentary,documentary
adult,drama
thriller,drama
drama,drama
horror,horror
documentary,documentary
short,short
drama,comedy
documentary,documentary
western,drama
documentary,documentary
comedy,drama
western,western
documentary,documentary
sci-fi,animation
short,drama
short,drama
documentary,documentary
documentary,documentary
documentary,documentary
adventure,sci-fi
romance,documentary
romance,drama
drama,comedy
drama,drama
comedy,comedy
documentary,documentary
western,western
mystery,horror
documentary,documentary
documentary,documentary
talk-show,reality-tv
war,documentary
comedy,documentary
thriller,drama
documentary,drama
drama,drama
drama,drama
drama,drama
short,thriller
documentary,documentary
documentary,documentary
biography,drama
short,short
horror,horror
documentary,documentary
drama,drama
music,music
documentary,documentary
short,short
documentary,documentary
romance,comedy
short,short
short,drama
drama,drama
action,drama
comedy,documentary
game-show,game-show
documentary,documentary
comedy,comedy
comedy,comedy
comedy,documentary
short,reality-tv
drama,drama
drama,comedy
horror,horror
drama,comedy
drama,drama
romance,romance
thriller,action
drama,short
short,comedy
drama,drama
documentary,documentary
documentary,documentary
thriller,comedy
comedy,drama
drama,drama
horror,horror
comedy,comedy
documentary,drama
drama,drama
action,documentary
romance,drama
drama,drama
documentary,documentary
comedy,comedy
comedy,drama
comedy,comedy
drama,drama
family,family
documentary,documentary
drama,drama
drama,documentary
comedy,comedy
musical,comedy
romance,comedy
documentary,documentary
horror,horror
short,short
drama,drama
documentary,documentary
drama,drama
drama,documentary
action,drama
sci-fi,documentary
comedy,comedy
comedy,drama
documentary,documentary
reality-tv,documentary
comedy,comedy
documentary,documentary
short,short
drama,action
western,western
animation,drama
drama,drama
talk-show,documentary
documentary,documentary
drama,drama
thriller,drama
documentary,documentary
comedy,comedy
documentary,documentary
documentary,documentary
comedy,comedy
documentary,documentary
reality-tv,comedy
documentary,comedy
family,reality-tv
documentary,documentary
drama,comedy
drama,documentary
drama,drama
documentary,documentary
comedy,comedy
documentary,documentary
musical,drama
music,comedy
western,western
documentary,documentary
short,documentary
short,documentary
comedy,documentary
documentary,documentary
sci-fi,sci-fi
short,short
short,short
comedy,drama
drama,drama
documentary,documentary
documentary,documentary
drama,drama
drama,drama
drama,drama
horror,horror
family,documentary
drama,drama
documentary,documentary
drama,drama
documentary,documentary
romance,drama
horror,horror
romance,drama
documentary,documentary
western,western
short,documentary
documentary,documentary
comedy,comedy
documentary,drama
documentary,documentary
drama,drama
documentary,documentary
horror,drama
drama,documentary
drama,drama
crime,drama
comedy,comedy
short,drama
drama,drama
drama,drama
short,documentary
comedy,comedy
short,talk-show
music,documentary
action,drama
romance,comedy
action,thriller
comedy,comedy
drama,drama
comedy,horror
comedy,drama
documentary,documentary
comedy,drama
comedy,comedy
war,drama
drama,drama
music,music
short,documentary
drama,drama
drama,drama
horror,drama
documentary,documentary
drama,drama
horror,horror
comedy,drama
comedy,comedy
musical,drama
game-show,short
documentary,drama
drama,drama
action,comedy
documentary,documentary
documentary,documentary
drama,drama
documentary,documentary
adventure,drama
western,western
crime,drama
documentary,documentary
sci-fi,sci-fi
drama,drama
comedy,drama
game-show,documentary
drama,drama
drama,drama
drama,drama
documentary,documentary
short,short
short,short
drama,drama
mystery,horror
comedy,comedy
action,action
documentary,documentary
documentary,documentary
drama,documentary
music,music
drama,drama
drama,drama
drama,drama
drama,drama
comedy,comedy
drama,comedy
documentary,short
drama,drama
comedy,drama
short,short
short,short
short,short
documentary,drama
comedy,drama
drama,drama
documentary,documentary
comedy,comedy
horror,drama
short,drama
drama,drama
western,drama
musical,horror
western,western
animation,action
drama,documentary
western,western
drama,drama
action,short
documentary,documentary
sci-fi,comedy
documentary,comedy
crime,horror
short,drama
comedy,comedy
short,documentary
adult,adult
short,drama
drama,horror
romance,documentary
drama,short
horror,horror
documentary,documentary
comedy,comedy
drama,drama
short,documentary
short,comedy
documentary,documentary
drama,drama
adult,adult
documentary,documentary
drama,comedy
drama,drama
comedy,short
drama,drama
documentary,documentary
action,action
drama,drama
adventure,adult
music,documentary
documentary,documentary
thriller,comedy
comedy,adult
documentary,documentary
horror,horror
short,documentary
short,short
documentary,short
documentary,documentary
drama,comedy
documentary,documentary
comedy,drama
comedy,news
comedy,drama
documentary,drama
comedy,comedy
short,short
documentary,documentary
drama,drama
comedy,drama
documentary,documentary
thriller,comedy
drama,drama
short,comedy
comedy,short
drama,drama
drama,drama
short,short
documentary,documentary
documentary,short
documentary,documentary
biography,documentary
thriller,drama
drama,drama
drama,drama
documentary,documentary
adult,adult
documentary,documentary
thriller,drama
drama,drama
documentary,short
documentary,documentary
documentary,drama
action,action
documentary,documentary
documentary,documentary
comedy,comedy
animation,family
short,drama
short,drama
documentary,documentary
short,drama
short,comedy
documentary,documentary
documentary,documentary
comedy,comedy
drama,drama
drama,drama
drama,comedy
drama,drama
documentary,documentary
comedy,drama
horror,drama
crime,documentary
thriller,drama
adventure,adventure
documentary,documentary
drama,documentary
documentary,documentary
animation,animation
documentary,documentary
documentary,documentary
drama,documentary
horror,thriller
fantasy,animation
documentary,documentary
short,drama
comedy,comedy
comedy,comedy
documentary,documentary
documentary,documentary
drama,drama
sci-fi,sci-fi
documentary,documentary
mystery,short
comedy,drama
reality-tv,comedy
documentary,documentary
drama,documentary
comedy,drama
action,drama
family,family
musical,drama
thriller,drama
drama,drama
horror,documentary
comedy,documentary
comedy,drama
documentary,documentary
documentary,comedy
reality-tv,documentary
documentary,documentary
documentary,documentary
documentary,comedy
family,family
documentary,documentary
comedy,comedy
short,documentary
talk-show,reality-tv
short,short
documentary,documentary
short,drama
documentary,documentary
comedy,comedy
documentary,documentary
drama,drama
documentary,documentary
comedy,comedy
drama,short
comedy,comedy
documentary,documentary
drama,comedy
documentary,talk-show
short,short
adult,comedy
comedy,comedy
talk-show,documentary
comedy,comedy
documentary,short
drama,action
drama,drama
action,western
documentary,documentary
drama,drama
comedy,comedy
drama,drama
animation,drama
documentary,documentary
horror,short
documentary,documentary
comedy,comedy
thriller,drama
drama,drama
short,drama
documentary,documentary
action,action
documentary,documentary
documentary,documentary
drama,drama
drama,drama
history,documentary
short,short
short,short
documentary,documentary
comedy,documentary
drama,drama
drama,drama
comedy,comedy
drama,drama
drama,drama
documentary,documentary
drama,short
drama,comedy
drama,western
comedy,short
western,western
documentary,documentary
documentary,documentary
short,short
horror,horror
crime,documentary
documentary,documentary
documentary,documentary
drama,drama
comedy,comedy
drama,drama
comedy,drama
drama,horror
drama,drama
horror,drama
drama,comedy
romance,drama
drama,drama
thriller,drama
documentary,documentary
documentary,music
reality-tv,reality-tv
comedy,comedy
documentary,documentary
thriller,drama
drama,western
documentary,drama
action,western
action,action
drama,drama
sci-fi,documentary
documentary,documentary
documentary,documentary
documentary,documentary
reality-tv,talk-show
short,short
comedy,drama
documentary,documentary
thriller,drama
documentary,documentary
documentary,romance
western,western
reality-tv,drama
documentary,short
talk-show,talk-show
documentary,documentary
short,documentary
documentary,documentary
mystery,drama
documentary,documentary
drama,drama
horror,horror
adventure,documentary
drama,action
drama,drama
documentary,documentary
drama,drama
mystery,drama
drama,drama
comedy,drama
horror,horror
documentary,documentary
comedy,comedy
documentary,drama
drama,drama
adventure,adventure
drama,drama
romance,comedy
crime,documentary
documentary,documentary
action,reality-tv
sci-fi,sci-fi
documentary,documentary
drama,drama
drama,comedy
comedy,comedy
adult,short
horror,horror
adult,comedy
short,short
drama,drama
family,drama
documentary,documentary
comedy,comedy
documentary,documentary
reality-tv,comedy
drama,music
short,short
comedy,drama
crime,drama
comedy,comedy
action,romance
drama,drama
comedy,comedy
documentary,documentary
drama,drama
western,western
comedy,comedy
talk-show,news
documentary,horror
sci-fi,drama
comedy,comedy
documentary,documentary
action,documentary
comedy,comedy
family,family
drama,drama
thriller,drama
short,drama
family,documentary
comedy,comedy
thriller,drama
comedy,comedy
comedy,comedy
drama,drama
drama,drama
comedy,comedy
horror,drama
drama,drama
documentary,documentary
drama,drama
comedy,comedy
drama,drama
documentary,documentary
romance,drama
thriller,drama
reality-tv,documentary
western,drama
drama,drama
comedy,horror
documentary,short
short,documentary
music,music
western,western
documentary,documentary
documentary,documentary
drama,drama
horror,horror
documentary,comedy
drama,documentary
thriller,drama
short,documentary
documentary,documentary
documentary,comedy
documentary,documentary
drama,drama
music,documentary
horror,drama
drama,short
drama,drama
drama,drama
comedy,drama
comedy,drama
comedy,comedy
talk-show,talk-show
documentary,documentary
documentary,documentary
drama,crime
action,drama
comedy,comedy
family,family
short,documentary
comedy,comedy
documentary,documentary
short,documentary
comedy,drama
horror,western
thriller,documentary
thriller,horror
comedy,comedy
drama,thriller
documentary,documentary
drama,drama
drama,documentary
comedy,comedy
drama,drama
sci-fi,adventure
documentary,documentary
comedy,documentary
drama,drama
drama,drama
drama,drama
comedy,comedy
documentary,documentary
action,action
documentary,documentary
short,drama
drama,documentary
drama,short
comedy,drama
comedy,documentary
documentary,documentary
reality-tv,reality-tv
action,action
documentary,documentary
documentary,documentary
short,comedy
short,drama
documentary,documentary
horror,horror
fantasy,short
comedy,comedy
thriller,drama
action,action
thriller,comedy
drama,comedy
documentary,documentary
action,horror
thriller,documentary
drama,drama
documentary,drama
documentary,documentary
documentary,documentary
drama,comedy
documentary,documentary
documentary,documentary
comedy,documentary
adventure,adult
drama,comedy
talk-show,documentary
drama,comedy
short,documentary
musical,documentary
documentary,documentary
drama,romance
biography,music
thriller,comedy
drama,drama
romance,drama
comedy,adventure
documentary,documentary
drama,drama
family,documentary
drama,drama
documentary,documentary
thriller,drama
documentary,documentary
action,drama
documentary,documentary
short,short
horror,horror
drama,documentary
documentary,documentary
drama,documentary
documentary,documentary
action,drama
comedy,comedy
music,music
horror,thriller
reality-tv,drama
romance,comedy
horror,drama
documentary,documentary
drama,drama
action,action
drama,drama
documentary,documentary
comedy,documentary
drama,drama
documentary,documentary
drama,drama
comedy,documentary
documentary,short
drama,drama
short,drama
action,drama
drama,drama
drama,drama
short,sci-fi
documentary,music
comedy,comedy
documentary,drama
drama,drama
documentary,documentary
drama,drama
drama,short
horror,horror
short,short
documentary,short
short,drama
mystery,drama
comedy,drama
short,short
thriller,drama
comedy,comedy
short,drama
mystery,crime
western,western
drama,drama
short,drama
documentary,documentary
horror,horror
comedy,comedy
documentary,documentary
short,comedy
adult,drama
short,drama
drama,drama
action,short
drama,drama
animation,animation
drama,drama
musical,drama
comedy,short
documentary,drama
comedy,comedy
documentary,documentary
short,documentary
drama,drama
drama,drama
documentary,family
documentary,documentary
comedy,comedy
short,short
drama,drama
musical,comedy
drama,documentary
documentary,documentary
drama,drama
drama,drama
drama,drama
drama,drama
family,comedy
music,documentary
short,short
drama,drama
drama,comedy
drama,drama
game-show,game-show
comedy,comedy
short,documentary
documentary,documentary
drama,drama
documentary,documentary
short,comedy
documentary,documentary
drama,drama
documentary,documentary
drama,documentary
comedy,comedy
documentary,documentary
fantasy,documentary
short,comedy
thriller,mystery
short,drama
drama,romance
horror,horror
documentary,drama
drama,drama
action,documentary
comedy,comedy
drama,comedy
drama,drama
comedy,comedy
adventure,animation
drama,short
comedy,comedy
comedy,comedy
drama,documentary
drama,drama
drama,drama
comedy,comedy
crime,short
comedy,drama
drama,short
documentary,documentary
documentary,documentary
western,western
documentary,documentary
short,short
short,short
comedy,comedy
adventure,adventure
comedy,drama
documentary,documentary
comedy,drama
thriller,thriller
documentary,documentary
musical,music
drama,drama
music,music
drama,drama
drama,comedy
adventure,action
comedy,comedy
comedy,comedy
adventure,adventure
thriller,thriller
drama,drama
documentary,drama
western,western
horror,horror
drama,drama
documentary,documentary
drama,short
adventure,horror
documentary,drama
sci-fi,sci-fi
documentary,documentary
animation,drama
fantasy,drama
documentary,drama
mystery,drama
comedy,comedy
documentary,documentary
documentary,drama
drama,comedy
drama,drama
action,sport
short,comedy
comedy,comedy
comedy,drama
thriller,comedy
thriller,drama
documentary,documentary
drama,drama
drama,drama
comedy,documentary
documentary,documentary
short,short
drama,drama
documentary,documentary
sci-fi,horror
horror,horror
reality-tv,reality-tv
reality-tv,reality-tv
drama,drama
drama,drama
documentary,documentary
drama,comedy
short,horror
documentary,documentary
short,drama
drama,documentary
animation,animation
documentary,documentary
drama,drama
horror,horror
drama,drama
talk-show,documentary
comedy,drama
documentary,documentary
horror,documentary
drama,comedy
reality-tv,comedy
drama,comedy
comedy,comedy
short,drama
adult,documentary
documentary,documentary
talk-show,news
drama,drama
drama,reality-tv
comedy,horror
drama,comedy
family,drama
adventure,sci-fi
drama,drama
sci-fi,adventure
comedy,drama
documentary,documentary
drama,drama
musical,drama
short,comedy
drama,drama
war,documentary
documentary,documentary
drama,short
music,documentary
drama,drama
documentary,short
drama,drama
comedy,drama
thriller,documentary
short,short
documentary,documentary
short,comedy
documentary,short
documentary,documentary
music,short
drama,documentary
drama,drama
drama,drama
sport,documentary
drama,documentary
drama,documentary
horror,short
documentary,documentary
drama,comedy
drama,drama
documentary,documentary
documentary,documentary
documentary,documentary
drama,comedy
documentary,documentary
drama,drama
documentary,documentary
documentary,documentary
drama,drama
documentary,documentary
drama,drama
drama,comedy
family,action
documentary,documentary
documentary,documentary
romance,drama
short,comedy
drama,drama
musical,short
fantasy,horror
drama,drama
drama,documentary
comedy,short
horror,horror
short,comedy
adventure,drama
short,short
short,short
drama,family
documentary,documentary
documentary,documentary
short,short
action,action
short,short
short,drama
drama,documentary
documentary,documentary
comedy,comedy
drama,drama
comedy,comedy
horror,action
comedy,drama
documentary,documentary
comedy,drama
short,short
drama,drama
comedy,thriller
documentary,documentary
short,documentary
drama,documentary
documentary,documentary
reality-tv,reality-tv
drama,drama
mystery,adventure
documentary,documentary
drama,drama
drama,drama
reality-tv,reality-tv
family,drama
comedy,short
horror,comedy
drama,documentary
news,documentary
thriller,horror
documentary,documentary
comedy,comedy
short,comedy
drama,drama
drama,thriller
biography,documentary
short,documentary
drama,drama
drama,drama
documentary,documentary
reality-tv,comedy
short,comedy
drama,drama
short,documentary
documentary,documentary
short,comedy
drama,documentary
drama,drama
documentary,documentary
game-show,game-show
documentary,documentary
reality-tv,documentary
short,short
documentary,documentary
short,short
reality-tv,reality-tv
documentary,documentary
documentary,documentary
short,documentary
drama,drama
drama,drama
documentary,documentary
reality-tv,reality-tv
documentary,documentary
documentary,documentary
comedy,drama
documentary,documentary
drama,drama
short,documentary
drama,drama
drama,drama
documentary,documentary
documentary,documentary
mystery,drama
short,documentary
drama,drama
drama,drama
comedy,drama
comedy,comedy
drama,drama
comedy,drama
documentary,documentary
short,comedy
comedy,comedy
horror,western
adventure,action
drama,drama
documentary,documentary
drama,horror
comedy,documentary
comedy,documentary
adult,adult
drama,drama
documentary,documentary
short,documentary
documentary,documentary
short,drama
documentary,documentary
drama,drama
documentary,documentary
comedy,comedy
sci-fi,sci-fi
drama,drama
music,documentary
adventure,documentary
drama,thriller
drama,drama
music,music
romance,drama
short,short
reality-tv,documentary
drama,drama
biography,documentary
action,drama
documentary,drama
documentary,documentary
thriller,thriller
drama,western
documentary,documentary
drama,documentary
horror,horror
western,western
talk-show,documentary
drama,drama
drama,drama
documentary,documentary
family,family
comedy,comedy
drama,action
documentary,documentary
comedy,drama
comedy,comedy
documentary,documentary
thriller,drama
sci-fi,horror
drama,short
adult,adult
drama,drama
short,drama
short,drama
documentary,documentary
comedy,comedy
documentary,documentary
comedy,comedy
drama,comedy
documentary,documentary
horror,comedy
western,western
horror,drama
drama,drama
documentary,documentary
comedy,comedy
western,western
drama,drama
action,drama
drama,documentary
documentary,short
horror,horror
documentary,documentary
drama,drama
documentary,documentary
comedy,drama
documentary,documentary
sci-fi,documentary
documentary,documentary
drama,drama
documentary,documentary
short,documentary
drama,drama
documentary,documentary
comedy,short
crime,drama
drama,drama
comedy,comedy
short,drama
short,drama
short,short
documentary,drama
documentary,documentary
thriller,thriller
documentary,documentary
drama,drama
documentary,documentary
documentary,documentary
music,documentary
animation,documentary
thriller,drama
drama,short
documentary,documentary
documentary,documentary
drama,drama
comedy,comedy
drama,drama
fantasy,short
drama,drama
reality-tv,comedy
documentary,documentary
documentary,documentary
horror,family
musical,documentary
comedy,comedy
romance,comedy
short,romance
comedy,drama
comedy,comedy
adult,adult
drama,drama
short,documentary
drama,drama
documentary,sport
animation,fantasy
comedy,comedy
romance,drama
documentary,documentary
game-show,game-show
documentary,documentary
comedy,comedy
comedy,music
comedy,comedy
horror,comedy
documentary,documentary
drama,drama
documentary,documentary
documentary,documentary
comedy,comedy
drama,drama
family,documentary
comedy,comedy
drama,drama
western,western
family,family
short,short
comedy,horror
documentary,documentary
documentary,documentary
adventure,reality-tv
comedy,comedy
western,western
drama,drama
documentary,documentary
comedy,short
drama,short
drama,drama
short,documentary
drama,drama
comedy,comedy
short,drama
short,drama
horror,horror
drama,drama
documentary,documentary
biography,drama
comedy,comedy
documentary,documentary
drama,drama
animation,sci-fi
musical,documentary
documentary,documentary
thriller,drama
music,documentary
drama,drama
sci-fi,sci-fi
documentary,drama
documentary,documentary
comedy,comedy
mystery,horror
documentary,documentary
mystery,comedy
drama,drama
comedy,comedy
horror,horror
comedy,sci-fi
drama,drama
sci-fi,horror
adventure,documentary
documentary,documentary
drama,comedy
thriller,drama
adult,adult
documentary,comedy
comedy,comedy
comedy,documentary
documentary,documentary
reality-tv,documentary
drama,drama
drama,short
documentary,musical
short,drama
drama,western
horror,horror
comedy,drama
documentary,drama
comedy,comedy
short,short
western,western
horror,horror
thriller,drama
music,reality-tv
reality-tv,short
comedy,comedy
music,music
documentary,documentary
comedy,comedy
documentary,drama
documentary,documentary
drama,drama
romance,drama
adventure,sport
comedy,comedy
documentary,documentary
documentary,documentary
documentary,documentary
drama,drama
drama,horror
drama,comedy
documentary,comedy
drama,drama
fantasy,horror
drama,comedy
documentary,documentary
documentary,documentary
comedy,comedy
comedy,comedy
documentary,drama
short,drama
thriller,comedy
documentary,documentary
short,horror
drama,drama
drama,drama
documentary,documentary
comedy,short
drama,drama
documentary,documentary
documentary,drama
western,western
documentary,documentary
comedy,comedy
comedy,documentary
documentary,documentary
documentary,documentary
drama,short
documentary,documentary
animation,comedy
comedy,comedy
documentary,documentary
comedy,drama
drama,drama
thriller,western
short,drama
thriller,short
documentary,documentary
drama,drama
sport,sport
documentary,documentary
thriller,drama
comedy,comedy
horror,horror
thriller,comedy
comedy,comedy
drama,comedy
family,drama
short,sci-fi
thriller,drama
thriller,comedy
comedy,comedy
comedy,documentary
thriller,drama
comedy,comedy
documentary,documentary
documentary,documentary
documentary,documentary
drama,short
biography,horror
biography,documentary
biography,documentary
drama,drama
romance,comedy
talk-show,news
drama,drama
drama,drama
drama,comedy
drama,comedy
action,drama
drama,drama
drama,drama
drama,comedy
western,western
romance,comedy
history,documentary
short,drama
documentary,documentary
action,drama
drama,drama
drama,drama
documentary,documentary
documentary,documentary
documentary,documentary
horror,horror
biography,documentary
drama,drama
comedy,comedy
comedy,comedy
drama,drama
drama,drama
comedy,documentary
drama,comedy
horror,horror
documentary,drama
fantasy,sci-fi
documentary,documentary
drama,drama
documentary,documentary
short,comedy
thriller,drama
comedy,comedy
comedy,talk-show
crime,drama
documentary,documentary
documentary,documentary
family,family
drama,drama
horror,horror
short,short
drama,drama
documentary,documentary
comedy,comedy
documentary,drama
comedy,comedy
documentary,documentary
thriller,drama
drama,drama
documentary,short
crime,drama
reality-tv,comedy
thriller,action
horror,drama
drama,drama
comedy,drama
short,short
thriller,comedy
drama,documentary
drama,comedy
short,horror
documentary,drama
mystery,comedy
talk-show,documentary
documentary,documentary
drama,drama
drama,drama
comedy,documentary
comedy,drama
horror,horror
adult,adult
drama,short
documentary,documentary
documentary,documentary
documentary,documentary
documentary,documentary
comedy,fantasy
comedy,comedy
comedy,horror
thriller,drama
drama,thriller
drama,documentary
reality-tv,documentary
comedy,drama
family,comedy
family,short
short,documentary
horror,short
music,comedy
documentary,documentary
short,comedy
documentary,documentary
comedy,comedy
drama,drama
drama,drama
drama,drama
family,drama
drama,comedy
adventure,horror
drama,thriller
comedy,comedy
short,short
drama,documentary
short,action
short,thriller
drama,drama
animation,drama
reality-tv,documentary
comedy,comedy
horror,drama
horror,short
drama,drama
comedy,drama
documentary,documentary
short,short
adventure,drama
comedy,comedy
drama,drama
drama,drama
musical,drama
documentary,documentary
horror,horror
drama,drama
documentary,documentary
drama,drama
horror,adult
musical,drama
documentary,documentary
drama,drama
adult,drama
short,drama
drama,drama
documentary,documentary
family,comedy
drama,drama
documentary,documentary
documentary,short
documentary,documentary
drama,drama
drama,drama
romance,drama
documentary,documentary
documentary,documentary
drama,short
documentary,documentary
drama,drama
adventure,drama
horror,horror
documentary,music
action,western
horror,horror
documentary,documentary
adventure,documentary
horror,horror
drama,thriller
comedy,drama
documentary,documentary
drama,drama
comedy,comedy
documentary,documentary
documentary,documentary
drama,drama
documentary,documentary
documentary,reality-tv
short,comedy
history,drama
documentary,documentary
comedy,comedy
documentary,documentary
comedy,comedy
drama,drama
comedy,comedy
documentary,documentary
short,comedy
comedy,comedy
short,action
documentary,documentary
documentary,documentary
romance,drama
drama,drama
comedy,comedy
thriller,horror
western,western
documentary,documentary
drama,drama
drama,drama
documentary,documentary
music,music
talk-show,short
action,sport
comedy,drama
documentary,documentary
drama,drama
drama,comedy
music,documentary
documentary,documentary
documentary,comedy
documentary,drama
short,short
drama,documentary
sport,sport
drama,drama
short,drama
drama,drama
short,drama
reality-tv,drama
documentary,horror
comedy,comedy
romance,short
thriller,short
short,comedy
animation,sci-fi
drama,crime
documentary,documentary
drama,drama
documentary,documentary
animation,drama
documentary,documentary
game-show,game-show
documentary,documentary
comedy,short
documentary,documentary
drama,drama
documentary,documentary
short,documentary
horror,drama
documentary,documentary
drama,drama
comedy,comedy
documentary,documentary
documentary,documentary
short,comedy
documentary,documentary
drama,short
crime,drama
comedy,comedy
documentary,history
documentary,documentary
short,documentary
documentary,documentary
fantasy,comedy
drama,short
documentary,short
comedy,short
drama,drama
comedy,documentary
sport,documentary
comedy,comedy
comedy,comedy
western,western
mystery,drama
drama,short
drama,drama
documentary,documentary
action,drama
documentary,documentary
drama,comedy
short,drama
drama,drama
sci-fi,short
comedy,comedy
comedy,comedy
drama,comedy
drama,drama
drama,short
short,drama
thriller,drama
short,comedy
documentary,documentary
animation,drama
western,western
animation,comedy
drama,drama
documentary,documentary
documentary,documentary
drama,drama
adventure,adventure
drama,comedy
documentary,documentary
horror,short
horror,drama
documentary,documentary
short,drama
documentary,documentary
documentary,documentary
documentary,talk-show
documentary,documentary
documentary,documentary
documentary,documentary
drama,drama
horror,drama
documentary,documentary
documentary,documentary
short,drama
short,documentary
comedy,comedy
drama,family
documentary,documentary
adventure,documentary
western,western
documentary,documentary
comedy,comedy
documentary,documentary
drama,drama
fantasy,short
horror,drama
drama,drama
adult,adult
drama,comedy
drama,drama
adventure,drama
documentary,documentary
documentary,documentary
comedy,documentary
documentary,documentary
family,comedy
documentary,drama
short,documentary
crime,documentary
drama,drama
documentary,documentary
documentary,documentary
short,drama
documentary,documentary
drama,comedy
comedy,comedy
documentary,documentary
short,drama
documentary,documentary
drama,drama
drama,documentary
short,documentary
documentary,documentary
documentary,documentary
drama,comedy
drama,drama
documentary,documentary
documentary,documentary
thriller,documentary
documentary,documentary
drama,drama
adult,comedy
drama,short
adventure,drama
documentary,documentary
drama,short
short,drama
crime,drama
drama,drama
short,documentary
family,drama
comedy,comedy
comedy,comedy
documentary,documentary
drama,drama
romance,drama
action,drama
drama,musical
documentary,documentary
adventure,horror
horror,horror
drama,drama
action,drama
action,drama
action,documentary
drama,drama
comedy,comedy
documentary,documentary
drama,drama
family,documentary
comedy,comedy
thriller,drama
family,family
comedy,comedy
documentary,documentary
documentary,short
drama,drama
short,short
short,comedy
documentary,drama
drama,drama
documentary,documentary
drama,drama
documentary,documentary
animation,short
comedy,comedy
comedy,sport
short,comedy
drama,drama
documentary,documentary
documentary,documentary
documentary,talk-show
documentary,documentary
family,comedy
short,documentary
documentary,documentary
reality-tv,drama
talk-show,reality-tv
drama,comedy
documentary,comedy
drama,drama
drama,drama
crime,thriller
action,fantasy
comedy,drama
documentary,documentary
adult,adult
drama,drama
documentary,documentary
drama,drama
drama,short
horror,horror
adult,drama
comedy,documentary
drama,comedy
short,drama
documentary,documentary
game-show,game-show
documentary,documentary
drama,comedy
documentary,documentary
documentary,documentary
documentary,documentary
romance,romance
comedy,comedy
documentary,documentary
horror,horror
adventure,adventure
documentary,drama
short,documentary
musical,drama
drama,drama
music,comedy
action,horror
drama,drama
documentary,documentary
short,documentary
documentary,documentary
music,music
documentary,comedy
musical,drama
history,drama
short,documentary
reality-tv,documentary
action,adventure
comedy,comedy
adventure,drama
drama,drama
drama,drama
horror,drama
drama,drama
documentary,drama
short,drama
drama,drama
short,drama
thriller,thriller
drama,drama
drama,drama
comedy,documentary
documentary,documentary
drama,comedy
documentary,drama
drama,history
short,drama
thriller,thriller
documentary,documentary
sci-fi,thriller
short,comedy
adult,adult
documentary,documentary
documentary,short
adult,comedy
animation,drama
comedy,family
documentary,documentary
documentary,documentary
documentary,documentary
crime,drama
reality-tv,documentary
drama,documentary
thriller,drama
documentary,documentary
comedy,comedy
drama,animation
documentary,documentary
crime,drama
short,drama
short,documentary
documentary,documentary
drama,drama
drama,drama
comedy,drama
short,talk-show
romance,drama
sport,comedy
horror,horror
animation,comedy
comedy,comedy
documentary,documentary
comedy,comedy
reality-tv,short
comedy,comedy
drama,drama
documentary,documentary
documentary,documentary
drama,drama
short,action
horror,crime
documentary,news
action,action
sport,reality-tv
drama,documentary
drama,drama
reality-tv,reality-tv
drama,drama
musical,drama
documentary,documentary
drama,horror
drama,drama
documentary,documentary
horror,documentary
short,documentary
comedy,drama
documentary,documentary
history,documentary
documentary,documentary
documentary,documentary
documentary,documentary
action,drama
drama,comedy
drama,drama
documentary,comedy
short,short
comedy,comedy
documentary,documentary
short,documentary
drama,comedy
comedy,drama
comedy,drama
short,comedy
family,comedy
crime,drama
short,short
documentary,short
drama,drama
drama,drama
drama,comedy
sci-fi,short
documentary,documentary
documentary,documentary
drama,drama
family,comedy
short,comedy
comedy,comedy
short,documentary
drama,drama
documentary,documentary
documentary,drama
drama,drama
sport,documentary
documentary,drama
drama,drama
sci-fi,sci-fi
drama,short
crime,drama
drama,drama
drama,short
musical,drama
thriller,thriller
drama,drama
short,documentary
comedy,comedy
mystery,horror
adventure,drama
reality-tv,drama
drama,drama
reality-tv,drama
sport,sport
comedy,drama
drama,drama
comedy,comedy
documentary,documentary
documentary,documentary
sci-fi,action
documentary,documentary
comedy,drama
drama,comedy
drama,comedy
comedy,comedy
documentary,short
short,drama
drama,drama
short,documentary
music,documentary
drama,horror
short,drama
action,action
romance,comedy
drama,drama
action,action
short,comedy
drama,drama
romance,drama
documentary,short
drama,horror
drama,drama
drama,documentary
comedy,drama
crime,horror
action,comedy
drama,drama
drama,drama
sci-fi,short
sci-fi,comedy
drama,drama
drama,documentary
game-show,game-show
drama,drama
documentary,documentary
adventure,comedy
comedy,comedy
comedy,comedy
drama,comedy
documentary,documentary
documentary,documentary
documentary,documentary
documentary,documentary
drama,drama
sci-fi,reality-tv
thriller,drama
drama,drama
short,short
documentary,documentary
music,music
drama,drama
documentary,documentary
documentary,documentary
drama,drama
documentary,documentary
documentary,drama
comedy,comedy
comedy,sport
comedy,drama
documentary,documentary
family,comedy
adult,drama
documentary,documentary
documentary,documentary
drama,drama
drama,drama
drama,drama
documentary,comedy
sci-fi,documentary
comedy,documentary
drama,drama
drama,drama
documentary,documentary
drama,drama
action,action
drama,drama
drama,drama
fantasy,documentary
horror,drama
drama,drama
crime,drama
comedy,comedy
documentary,documentary
comedy,drama
drama,drama
horror,horror
documentary,documentary
comedy,comedy
drama,comedy
documentary,documentary
documentary,documentary
drama,drama
action,comedy
documentary,documentary
drama,drama
documentary,documentary
documentary,documentary
drama,drama
drama,comedy
drama,drama
short,drama
drama,drama
comedy,comedy
comedy,comedy
documentary,documentary
documentary,drama
short,short
documentary,documentary
drama,documentary
drama,drama
comedy,family
documentary,documentary
documentary,documentary
drama,drama
drama,musical
drama,short
short,short
documentary,documentary
comedy,comedy
drama,drama
horror,short
drama,drama
thriller,comedy
short,short
game-show,game-show
animation,sci-fi
documentary,documentary
drama,drama
crime,drama
documentary,documentary
drama,drama
drama,reality-tv
short,short
documentary,documentary
documentary,documentary
mystery,comedy
documentary,documentary
documentary,documentary
drama,drama
thriller,action
drama,drama
documentary,documentary
mystery,horror
talk-show,short
documentary,documentary
documentary,documentary
animation,documentary
documentary,documentary
drama,drama
drama,drama
drama,drama
action,drama
sport,documentary
drama,drama
short,documentary
comedy,comedy
short,comedy
western,comedy
comedy,comedy
drama,drama
crime,drama
drama,drama
horror,drama
music,comedy
comedy,comedy
drama,drama
documentary,documentary
documentary,documentary
drama,drama
comedy,comedy
short,documentary
horror,horror
comedy,comedy
drama,comedy
documentary,short
family,western
western,western
comedy,drama
documentary,documentary
crime,drama
short,short
adult,drama
documentary,documentary
short,short
drama,drama
documentary,drama
documentary,documentary
drama,drama
comedy,comedy
drama,drama
drama,drama
documentary,comedy
drama,drama
drama,drama
war,documentary
documentary,documentary
documentary,documentary
comedy,comedy
thriller,short
horror,horror
short,drama
documentary,documentary
drama,documentary
short,drama
comedy,drama
history,documentary
drama,drama
animation,drama
documentary,documentary
thriller,thriller
music,music
comedy,comedy
drama,comedy
documentary,documentary
drama,drama
documentary,documentary
documentary,documentary
drama,drama
drama,drama
drama,drama
documentary,short
documentary,documentary
comedy,comedy
adult,drama
comedy,action
horror,horror
drama,drama
animation,short
documentary,documentary
comedy,horror
comedy,comedy
documentary,documentary
drama,drama
documentary,drama
drama,drama
drama,drama
short,short
news,documentary
short,documentary
reality-tv,documentary
horror,horror
drama,comedy
comedy,drama
short,comedy
drama,documentary
comedy,drama
biography,thriller
documentary,documentary
drama,drama
game-show,game-show
fantasy,drama
history,drama
documentary,documentary
documentary,documentary
horror,horror
short,drama
mystery,drama
comedy,documentary
thriller,drama
animation,documentary
documentary,documentary
drama,drama
comedy,comedy
action,documentary
documentary,documentary
drama,drama
documentary,documentary
drama,drama
drama,drama
drama,drama
comedy,comedy
mystery,comedy
documentary,documentary
family,drama
comedy,comedy
comedy,drama
drama,drama
drama,romance
drama,comedy
family,comedy
drama,comedy
documentary,documentary
thriller,drama
horror,thriller
family,drama
documentary,drama
drama,drama
comedy,drama
animation,animation
drama,drama
comedy,comedy
comedy,comedy
documentary,documentary
comedy,documentary
drama,drama
animation,comedy
short,drama
drama,talk-show
drama,drama
drama,drama
short,short
documentary,documentary
documentary,documentary
drama,short
documentary,drama
documentary,documentary
drama,drama
crime,documentary
animation,comedy
drama,drama
documentary,documentary
family,action
drama,drama
drama,drama
action,action
short,drama
comedy,short
animation,sci-fi
drama,drama
documentary,short
documentary,documentary
comedy,comedy
drama,documentary
comedy,game-show
drama,drama
talk-show,talk-show
documentary,documentary
drama,drama
drama,drama
short,short
short,short
drama,drama
documentary,documentary
documentary,drama
comedy,drama
drama,short
drama,drama
comedy,comedy
documentary,short
drama,short
drama,horror
documentary,documentary
drama,drama
documentary,documentary
short,short
comedy,comedy
drama,comedy
action,documentary
comedy,comedy
comedy,drama
drama,drama
documentary,documentary
comedy,comedy
drama,drama
drama,drama
documentary,documentary
comedy,talk-show
drama,adult
documentary,documentary
short,short
drama,drama
documentary,documentary
drama,documentary
drama,drama
drama,drama
comedy,drama
comedy,comedy
documentary,drama
documentary,documentary
horror,horror
drama,drama
crime,comedy
action,action
drama,drama
animation,drama
drama,drama
documentary,documentary
short,drama
documentary,reality-tv
adult,adult
drama,drama
drama,drama
comedy,comedy
documentary,documentary
drama,drama
drama,drama
documentary,documentary
western,drama
documentary,documentary
documentary,documentary
drama,drama
comedy,comedy
sport,sport
documentary,documentary
drama,drama
drama,drama
documentary,documentary
biography,drama
short,documentary
documentary,documentary
documentary,documentary
drama,comedy
drama,drama
drama,drama
thriller,drama
horror,horror
drama,drama
drama,drama
romance,drama
documentary,documentary
drama,drama
comedy,comedy
history,documentary
western,drama
drama,horror
reality-tv,comedy
drama,drama
horror,horror
documentary,documentary
comedy,comedy
documentary,drama
adventure,reality-tv
music,documentary
drama,drama
drama,comedy
game-show,comedy
drama,drama
documentary,documentary
documentary,documentary
comedy,drama
documentary,documentary
music,documentary
drama,drama
short,drama
documentary,short
documentary,documentary
drama,comedy
drama,comedy
drama,comedy
horror,horror
sport,sport
drama,thriller
comedy,comedy
comedy,comedy
western,western
action,comedy
drama,drama
short,comedy
documentary,documentary
drama,drama
drama,drama
mystery,drama
thriller,horror
documentary,documentary
drama,drama
drama,drama
comedy,comedy
short,documentary
short,short
comedy,drama
horror,short
comedy,documentary
documentary,documentary
drama,drama
music,documentary
documentary,documentary
comedy,comedy
documentary,documentary
drama,drama
drama,drama
short,documentary
documentary,documentary
documentary,documentary
thriller,short
documentary,documentary
documentary,documentary
drama,documentary
documentary,documentary
comedy,short
drama,drama
drama,action
short,documentary
drama,drama
drama,drama
short,short
comedy,comedy
short,documentary
short,drama
drama,drama
comedy,comedy
comedy,comedy
drama,drama
comedy,drama
documentary,documentary
sport,documentary
short,short
documentary,documentary
documentary,documentary
family,comedy
documentary,documentary
drama,drama
drama,drama
adult,drama
short,comedy
short,short
horror,comedy
family,family
thriller,drama
documentary,documentary
drama,drama
drama,drama
documentary,documentary
drama,drama
comedy,comedy
drama,comedy
action,action
comedy,comedy
short,short
documentary,documentary
game-show,horror
short,documentary
action,action
documentary,documentary
adventure,drama
documentary,documentary
drama,drama
drama,comedy
drama,drama
short,drama
drama,drama
drama,drama
comedy,comedy
documentary,documentary
drama,drama
documentary,documentary
biography,documentary
adventure,drama
drama,drama
documentary,documentary
documentary,documentary
drama,drama
drama,drama
documentary,documentary
drama,drama
documentary,documentary
drama,drama
drama,documentary
short,short
drama,drama
drama,drama
comedy,comedy
documentary,documentary
drama,drama
thriller,drama
romance,drama
history,documentary
romance,drama
documentary,documentary
documentary,documentary
documentary,documentary
drama,drama
documentary,documentary
drama,comedy
comedy,drama
short,reality-tv
drama,drama
comedy,comedy
crime,crime
comedy,comedy
sci-fi,drama
documentary,documentary
horror,horror
documentary,documentary
horror,horror
drama,drama
comedy,drama
short,documentary
drama,drama
horror,horror
documentary,documentary
horror,horror
comedy,drama
drama,comedy
family,drama
family,drama
short,short
documentary,documentary
thriller,drama
comedy,comedy
thriller,horror
short,short
documentary,documentary
comedy,comedy
drama,drama
animation,animation
comedy,comedy
family,drama
short,short
sci-fi,sci-fi
drama,drama
drama,drama
romance,drama
adult,drama
documentary,documentary
short,documentary
short,documentary
drama,drama
documentary,documentary
drama,comedy
comedy,drama
drama,drama
documentary,documentary
documentary,short
comedy,horror
documentary,documentary
drama,drama
documentary,documentary
documentary,documentary
documentary,documentary
drama,drama
short,horror
drama,drama
horror,horror
comedy,drama
drama,drama
documentary,short
drama,drama
drama,drama
drama,documentary
short,animation
short,documentary
short,documentary
documentary,documentary
documentary,documentary
drama,drama
comedy,drama
adventure,adventure
drama,drama
drama,drama
drama,drama
comedy,comedy
drama,documentary
action,action
short,drama
documentary,documentary
drama,drama
drama,romance
documentary,documentary
drama,drama
documentary,documentary
fantasy,comedy
documentary,documentary
documentary,documentary
comedy,comedy
short,comedy
documentary,documentary
drama,drama
comedy,short
drama,drama
comedy,comedy
drama,drama
adult,adult
drama,drama
fantasy,documentary
drama,documentary
documentary,documentary
documentary,documentary
drama,comedy
documentary,documentary
documentary,documentary
documentary,documentary
documentary,documentary
romance,drama
comedy,comedy
drama,comedy
action,drama
drama,drama
musical,documentary
comedy,short
animation,comedy
drama,documentary
documentary,documentary
documentary,short
documentary,drama
comedy,reality-tv
drama,drama
documentary,documentary
family,western
family,comedy
short,short
western,western
drama,adventure
drama,comedy
drama,drama
documentary,short
documentary,short
drama,comedy
comedy,comedy
drama,comedy
drama,comedy
drama,drama
short,comedy
romance,drama
drama,drama
short,drama
documentary,documentary
